Timestamp,Kaupunki,Ikä,Sukupuoli,Työkokemus,Työsuhteen luonne,Työaika,Rooli,Etä,Kuukausipalkka,Vuositulot,Kilpailukykyinen,Työpaikka,Vapaa sana,Kk-tulot
2021-02-15 11:57:08.316,PK-Seutu,31-35 v,,10.0,Työntekijä / palkollinen,1.0,Arkkitehti,50/50,6500,83000,True,,,6916.666666666667
2021-02-15 11:57:19.676,Turku,31-35 v,mies,14.0,Työntekijä / palkollinen,1.0,full-stack,Etä,5000,62500,True,,,5208.333333333333
2021-02-15 11:58:03.592,PK-Seutu,26-30 v,mies,2.0,Työntekijä / palkollinen,1.0,Full-stack ohjelmistokehittäjä,Etä,2475,30000,False,,,2500.0
2021-02-15 11:58:15.261,Tampere,31-35 v,mies,22.0,Yrittäjä,1.0,web-arkkitehti,Etä,4300,100000,True,,,8333.333333333334
2021-02-15 11:58:16.983,PK-Seutu,26-30 v,mies,2.0,Työntekijä / palkollinen,1.0,Ohjelmistokehittäjä,Etä,3000,37500,False,,,3125.0
2021-02-15 11:58:49.454,PK-Seutu,41-45 v,mies,23.0,Työntekijä / palkollinen,1.0,Ohjelmistokehittäjä,Toimisto,8000,100000,True,,,8333.333333333334
2021-02-15 12:00:03.771,PK-Seutu,31-35 v,mies,10.0,Freelancer,1.0,Ohjelmistokehittäjä,Etä,6000,140000,True,,,11666.666666666666
2021-02-15 12:00:04.655,Tampere,31-35 v,,10.0,Työntekijä / palkollinen,1.0,Ohjelmistokehittäjä,Toimisto,4250,54000,True,,,4500.0
2021-02-15 12:01:00.769,Tampere,31-35 v,mies,6.0,Työntekijä / palkollinen,1.0,Lead developer,Toimisto,4000,50000,False,,,4166.666666666667
2021-02-15 12:02:03.577,Tallinna,31-35 v,mies,12.0,Freelancer,1.0,,Etä,,200000,True,Questrade,,16666.666666666668
2021-02-15 12:04:56.911,Jyväskylä,31-35 v,mies,10.0,Työntekijä / palkollinen,1.0,Tekninen projektipäällikkö,Toimisto,3550,44375.0,False,,,3697.9166666666665
2021-02-15 12:05:04.136,Tampere,31-35 v,,,Työntekijä / palkollinen,1.0,,Etä,6100,77000,True,,,6416.666666666667
2021-02-15 12:05:28.626,Tampere,31-35 v,mies,10.0,Työntekijä / palkollinen,1.0,Full-stack,Etä,4500,57000,True,,,4750.0
2021-02-15 12:05:51.342,PK-Seutu,36-40 v,mies,12.0,Työntekijä / palkollinen,1.0,Senior front-end developer,50/50,7000,90000,True,,,7500.0
2021-02-15 12:06:32.051,Jyväskylä,31-35 v,mies,11.0,Työntekijä / palkollinen,1.0,Devops specialist,50/50,4500,56250,True,,,4687.5
2021-02-15 12:07:28.049,PK-Seutu,31-35 v,muu,9.0,Työntekijä / palkollinen,1.0,CTO/digidigikehitysjohtaja,Etä,6000,73500,True,,,6125.0
2021-02-15 12:08:21.501,PK-Seutu,31-35 v,mies,9.0,Freelancer,1.0,Full stack developer,Etä,,120000,False,,,10000.0
2021-02-15 12:08:47.385,PK-Seutu,31-35 v,mies,15.0,Työntekijä / palkollinen,1.0,Backend developer,Toimisto,5100,65000,False,,,5416.666666666667
2021-02-15 12:08:54.685,PK-Seutu,36-40 v,mies,16.0,Työntekijä / palkollinen,1.0,full-stack ohjelmistokehittäjä,50/50,5900,80000,True,,,6666.666666666667
2021-02-15 12:09:09.916,Turku,36-40 v,mies,15.0,Työntekijä / palkollinen,1.0,"full-stack, project manager",Toimisto,4100,55000,False,,,4583.333333333333
2021-02-15 12:09:43.186,Tampere,26-30 v,mies,1.0,Työntekijä / palkollinen,1.0,Integration Developer,Toimisto,2500,31250,True,Digia Oyj,"Kuukausipalkkaan tulossa ihan juuri firman laajuinen pieni (muistaakseni 50 e) yleiskorotus + palkka nousee ainakin 2800 e/kk, kunhan valmistuisi.",2604.1666666666665
2021-02-15 12:09:49.990,Jyväskylä,31-35 v,,7.0,Työntekijä / palkollinen,1.0,Full-Stack,Etä,3500,43750,False,,,3645.8333333333335
2021-02-15 12:12:28.471,PK-Seutu,26-30 v,mies,3.0,Työntekijä / palkollinen,1.0,Full-Stack,Etä,3791,0,True,,,0.0
2021-02-15 12:12:38.008,Jyväskylä,26-30 v,mies,4.0,Työntekijä / palkollinen,1.0,Ohjelmistokehittäjä,Toimisto,3700,50000,True,,,4166.666666666667
2021-02-15 12:13:39.306,PK-Seutu,36-40 v,mies,10.0,Työntekijä / palkollinen,1.0,full-stack,Etä,4800,60000,False,,,5000.0
2021-02-15 12:13:48.125,PK-Seutu,36-40 v,mies,20.0,Freelancer,1.0,Koodari,Etä,,135000,True,,,11250.0
2021-02-15 12:14:29.585,PK-Seutu,26-30 v,mies,4.0,Työntekijä / palkollinen,1.0,full-stack,Etä,1700,22000,True,,,1833.3333333333333
2021-02-15 12:14:44.818,Tampere,31-35 v,mies,6.0,Työntekijä / palkollinen,1.0,Developer / cloud specialist,50/50,4850,60625.0,True,Gofore,,5052.083333333333
2021-02-15 12:14:58.673,,26-30 v,mies,10.0,Freelancer,,CTO,Etä,,200000,True,,,16666.666666666668
2021-02-15 12:17:10.044,PK-Seutu,36-40 v,,12.0,Työntekijä / palkollinen,1.0,Vanhempi ohjelmistokehittäjä,Etä,4000,50000.0,False,,,4166.666666666667
2021-02-15 12:19:33.620,Turku,31-35 v,mies,8.0,Työntekijä / palkollinen,1.0,Full-stack,Toimisto,4167,55000,True,,,4583.333333333333
2021-02-15 12:20:48.011,PK-Seutu,26-30 v,nainen,5.0,Työntekijä / palkollinen,1.0,Lead Developer,50/50,5250,65625.0,True,,,5468.75
2021-02-15 12:24:12.757,PK-Seutu,41-45 v,mies,17.0,Työntekijä / palkollinen,1.0,CTO eli kakkkea,Etä,5000,62500.0,False,,,5208.333333333333
2021-02-15 12:24:52.430,PK-Seutu,31-35 v,mies,10.0,Työntekijä / palkollinen,1.0,Data Developer,Toimisto,5100,63750.0,False,,,5312.5
2021-02-15 12:25:08.486,PK-Seutu,26-30 v,mies,8.0,Työntekijä / palkollinen,1.0,Pilvihommia,50/50,5500 (tai 6900 jos osuu on-call -viikko kuukaudelle),~78 000 (on-call -lisät n. joka toinen kuukausi),True,Oura Health,,
2021-02-15 12:25:46.578,Tampere,31-35 v,mies,6.0,Työntekijä / palkollinen,1.0,Vanhempi ohjelmistosuunnittelija,Toimisto,4100,51000,False,,,4250.0
2021-02-15 12:26:23.099,PK-Seutu,36-40 v,,,Työntekijä / palkollinen,1.0,,Toimisto,5200,69000,,,,5750.0
2021-02-15 12:29:00.807,PK-Seutu,31-35 v,mies,6.0,Työntekijä / palkollinen,1.0,full-stack / lead developer,Etä,5100,74000,True,,,6166.666666666667
2021-02-15 12:29:24.348,Oulu,31-35 v,mies,9.0,Työntekijä / palkollinen,1.0,Full-stack,Etä,4500,62500,True,,,5208.333333333333
2021-02-15 12:30:08.701,Tampere,31-35 v,mies,7.0,Työntekijä / palkollinen,1.0,Cloud Architect,50/50,5060,65000,True,Wirepas,,5416.666666666667
2021-02-15 12:34:48.514,Oulu,36-40 v,mies,16.0,Työntekijä / palkollinen,1.0,Arkkitehti,Etä,6000,80000,False,,,6666.666666666667
2021-02-15 12:35:24.741,Oulu,36-40 v,mies,14.0,Työntekijä / palkollinen,1.0,Full stack ohjelmistokehittaja,50/50,5400,67500,True,,,5625.0
2021-02-15 12:37:32.622,Tampere,31-35 v,mies,7.0,Työntekijä / palkollinen,1.0,ohjelmistokehittäjä (full-stack),50/50,3800,47500,False,,,3958.3333333333335
2021-02-15 12:37:53.959,PK-Seutu,31-35 v,mies,5.0,Työntekijä / palkollinen,1.0,"ohjelmistokehittäjä, full-stack",Etä,3700,46250,False,Gofore,,3854.1666666666665
2021-02-15 12:38:17.737,Tampere,31-35 v,mies,6.0,Työntekijä / palkollinen,0.8,Ohjelmistokehittäjä,50/50,2960,37000,False,,,3083.3333333333335
2021-02-15 12:39:05.671,Oulu,31-35 v,mies,4.0,Työntekijä / palkollinen,1.0,Ohjelmistokehittäjä (full-stack),50/50,5000,62000,True,Codemate,,5166.666666666667
2021-02-15 12:39:49.778,PK-Seutu,31-35 v,mies,5.0,Työntekijä / palkollinen,1.0,full-stack ohjelmistokehittäjä,50/50,4230,53000,True,,,4416.666666666667
2021-02-15 12:40:52.612,PK-Seutu,31-35 v,mies,15.0,Työntekijä / palkollinen,1.0,"Full-stack, arkkitehti",Toimisto,6500,115000,True,,,9583.333333333334
2021-02-15 12:41:20.038,PK-Seutu,36-40 v,mies,2.0,Työntekijä / palkollinen,1.0,ohjelmistokehittäjä,Toimisto,4300,53750.0,True,konsulttitalo,,4479.166666666667
2021-02-15 12:42:32.695,Turku,26-30 v,mies,6.0,Työntekijä / palkollinen,1.0,Pilviarkkitehti,Etä,5700,82000,True,,,6833.333333333333
2021-02-15 12:43:08.377,PK-Seutu,21-25 v,mies,3.0,Työntekijä / palkollinen,1.0,Ohjelmistokehittäjä,Toimisto,4150,51875,True,,,4322.916666666667
2021-02-15 12:43:19.612,PK-Seutu,31-35 v,mies,11.0,Työntekijä / palkollinen,1.0,Arkkitehti,Etä,4720,60000,False,,,5000.0
2021-02-15 12:43:58.055,Turku,31-35 v,mies,13.0,Työntekijä / palkollinen,1.0,Full-stack,Etä,4500,56000,True,,,4666.666666666667
2021-02-15 12:44:25.743,Tampere,41-45 v,,23.0,Työntekijä / palkollinen,0.8,"arkkitehti, full-stack-kehittäjä",Toimisto,4275,68900,True,,"Työskentelen toimistolla, koska täällä ei ole ketään muita. Työnantajan puolesta voisin työskennellä myös kotoa.",5741.666666666667
2021-02-15 12:48:49.507,PK-Seutu,31-35 v,mies,10.0,Yrittäjä,1.0,CIO,Etä,5000,62500,False,,,5208.333333333333
2021-02-15 12:51:09.752,PK-Seutu,31-35 v,mies,8.0,Työntekijä / palkollinen,1.0,Senior Software Developer,Toimisto,5200,68000,False,,,5666.666666666667
2021-02-15 12:52:03.466,Tampere,26-30 v,mies,4.0,Työntekijä / palkollinen,1.0,full-stack ohjelmistokehittäjä,Etä,4200,52000.0,True,,,4333.333333333333
2021-02-15 12:53:08.501,PK-Seutu,36-40 v,nainen,12.0,Työntekijä / palkollinen,1.0,UX-suunnittelija,Toimisto,3800,47500.0,False,Gofore,,3958.3333333333335
2021-02-15 12:53:44.671,Tampere,31-35 v,mies,10.0,Työntekijä / palkollinen,1.0,cloud specialist,Etä,5200,65000,True,Gofore,,5416.666666666667
2021-02-15 12:55:35.585,Tampere,26-30 v,mies,5.0,Työntekijä / palkollinen,1.0,full-stack,Etä,4000,48000,False,,,4000.0
2021-02-15 12:55:46.180,Tampere,26-30 v,mies,8.0,Yrittäjä,1.0,full-stack ohjelmistokehittäjä,50/50,,120000,True,,,10000.0
2021-02-15 12:56:03.940,Tampere,26-30 v,mies,5.0,Työntekijä / palkollinen,1.0,"Full-stack devaaja, milloin mitäkin",Etä,4200,58500,True,Futurice,,4875.0
2021-02-15 12:56:48.024,PK-Seutu,36-40 v,mies,15.0,Työntekijä / palkollinen,1.0,full-stack,Etä,7000,80000,True,Compile Oy,,6666.666666666667
2021-02-15 12:58:32.033,Tampere,31-35 v,mies,11.0,Työntekijä / palkollinen,1.0,Full-stack kehittäjä,50/50,4350,54375,,,,4531.25
2021-02-15 12:58:33.789,PK-Seutu,26-30 v,mies,5.0,Työntekijä / palkollinen,1.0,devops guy,50/50,4000,~62k,True,Gofore,,
2021-02-15 12:59:48.398,PK-Seutu,31-35 v,nainen,10.0,Työntekijä / palkollinen,1.0,"ohjelmistokehittäjä, senior, full-stack",Toimisto,4600,57500,True,Gofore,,4791.666666666667
2021-02-15 13:00:45.598,Etelä-Karjala,36-40 v,mies,15.0,Työntekijä / palkollinen,1.0,Arkkitehti,Etä,6200,78000,True,,,6500.0
2021-02-15 13:02:16.724,PK-Seutu,41-45 v,mies,11.0,Työntekijä / palkollinen,1.0,Cloud architext,50/50,5800,75000,True,,,6250.0
2021-02-15 13:02:46.039,PK-Seutu,46-50 v,mies,20.0,Työntekijä / palkollinen,1.0,,Etä,4500,54000,False,,,4500.0
2021-02-15 13:03:31.283,PK-Seutu,26-30 v,mies,2.0,Työntekijä / palkollinen,1.0,Ohjelmistokehittäjä,Etä,3500,43750,False,Gofore,,3645.8333333333335
2021-02-15 13:06:30.072,PK-Seutu,26-30 v,nainen,2.0,Työntekijä / palkollinen,0.8,ohjelmistokehittäjä,Etä,2465,35000,False,,,2916.6666666666665
2021-02-15 13:07:30.718,PK-Seutu,36-40 v,mies,12.0,Työntekijä / palkollinen,1.0,Ohjelmistokehittäjä,50/50,4200,52500,False,,,4375.0
2021-02-15 13:08:06.173,PK-Seutu,26-30 v,mies,3.0,Työntekijä / palkollinen,1.0,Testiautomaatiokonsultti,Etä,4450,60000,True,,,5000.0
2021-02-15 13:08:06.718,Turku,31-35 v,mies,10.0,Työntekijä / palkollinen,1.0,full-stack,50/50,4800,72000,False,,,6000.0
2021-02-15 13:13:21.610,Tampere,36-40 v,mies,11.0,Työntekijä / palkollinen,1.0,"Ohjelmistokehittäjä, full-stack",50/50,4250,53200,False,,,4433.333333333333
2021-02-15 13:13:37.177,Tampere,36-40 v,mies,9.0,Työntekijä / palkollinen,1.0,Ohjelmistoarkkitehti,Toimisto,5300,67000,True,,,5583.333333333333
2021-02-15 13:14:13.044,PK-Seutu,21-25 v,mies,4.0,Työntekijä / palkollinen,1.0,Full-stack kehittäjä,Etä,4300,58000,,,,4833.333333333333
2021-02-15 13:14:16.406,PK-Seutu,26-30 v,mies,3.0,Työntekijä / palkollinen,0.8,Full-stack developer,Toimisto,3040,38000.0,True,,,3166.6666666666665
2021-02-15 13:15:10.425,Turku,31-35 v,mies,6.0,Työntekijä / palkollinen,1.0,Full-stack,Toimisto,3900,54000,True,,,4500.0
2021-02-15 13:15:40.634,Tampere,41-45 v,muu,19.0,Työntekijä / palkollinen,1.0,Ohjelmistokehittäjä,50/50,4500,56000,False,,,4666.666666666667
2021-02-15 13:15:56.341,Tampere,26-30 v,mies,3.0,Freelancer,,Software Engineer,Etä,,125000,True,,,10416.666666666666
2021-02-15 13:16:03.520,Turku,21-25 v,mies,2.0,Työntekijä / palkollinen,1.0,Ohjelmistokehittäjä,Toimisto,3350,44000,True,,,3666.6666666666665
2021-02-15 13:17:43.708,PK-Seutu,21-25 v,mies,2.0,Työntekijä / palkollinen,1.0,Ohjelmistokehittäjä,Etä,3300,41250.0,True,Eficode,,3437.5
2021-02-15 13:21:34.755,Turku,31-35 v,mies,8.0,Työntekijä / palkollinen,1.0,full-stack,Toimisto,5500,68000,True,,,5666.666666666667
2021-02-15 13:22:09.687,PK-Seutu,26-30 v,mies,4.0,Työntekijä / palkollinen,1.0,ohjelmistokehittäjä,50/50,3970,48900,True,cgi,,4075.0
2021-02-15 13:22:45.689,PK-Seutu,21-25 v,mies,6.0,Työntekijä / palkollinen,1.0,Senior software designer,Toimisto,5000,66000,True,Gofore,,5500.0
2021-02-15 13:23:10.782,Turku,26-30 v,mies,1.0,Työntekijä / palkollinen,1.0,Full-stack developer,Toimisto,3160,40000,False,,,3333.3333333333335
2021-02-15 13:24:01.657,,31-35 v,mies,10.0,Työntekijä / palkollinen,1.0,Johtaja,50/50,6200,80000,True,,,6666.666666666667
2021-02-15 13:25:32.016,PK-Seutu,26-30 v,mies,4.0,Työntekijä / palkollinen,1.0,ohjelmistokehittäjä (full-stack) & rekrymarkkinointi,Toimisto,4100,51200,True,,"palkan lisäksi kompensaatioon kuuluu varsin runsas ja suomen it-alalla uniikki etupaketti. pelkkä palkka ei välttämättä ole kilpailukykyinen, mutta koko kompensaatio yleisesti työstäni on ehdottomasti kilpailukykyinen. ",4266.666666666667
2021-02-15 13:29:23.991,PK-Seutu,26-30 v,mies,11.0,Työntekijä / palkollinen,1.0,Full-stack dev konsultti,Toimisto,4850,60000,True,,,5000.0
2021-02-15 13:30:00.797,PK-Seutu,31-35 v,,10.0,Työntekijä / palkollinen,1.0,Full-stack,50/50,6800,85000,True,,,7083.333333333333
2021-02-15 13:30:26.518,Tampere,41-45 v,mies,21.0,Työntekijä / palkollinen,1.0,Arkkitehti,50/50,6500,90000,True,,,7500.0
2021-02-15 13:30:30.356,Tampere,36-40 v,mies,9.0,Työntekijä / palkollinen,1.0,Ohjelmistokehittäjä,Toimisto,4150,51875.0,False,,,4322.916666666667
2021-02-15 13:30:38.661,PK-Seutu,46-50 v,mies,20.0,Työntekijä / palkollinen,1.0,"full-stack-kehittäjä, arkkitehti",Toimisto,6600,85000,True,,,7083.333333333333
2021-02-15 13:34:11.117,PK-Seutu,31-35 v,mies,11.0,Työntekijä / palkollinen,1.0,ohjelmistokehittäjä / -arkkitehti,50/50,6000,75000,True,UpCloud,,6250.0
2021-02-15 13:34:46.354,PK-Seutu,41-45 v,mies,25.0,Työntekijä / palkollinen,1.0,seniori automaatio säätäjä,50/50,5800,70000,True,,,5833.333333333333
2021-02-15 13:45:44.288,PK-Seutu,31-35 v,mies,7.0,Työntekijä / palkollinen,1.0,"ohjelmistkoehittäjä, full-stack",Toimisto,4700,58750,False,,,4895.833333333333
2021-02-15 13:49:32.413,Jyväskylä,31-35 v,mies,10.0,Työntekijä / palkollinen,1.0,Lead developer,Etä,6200,77500,True,,,6458.333333333333
2021-02-15 13:50:12.857,PK-Seutu,26-30 v,mies,4.0,Työntekijä / palkollinen,1.0,Full-stack ohjelmistokehittäjä,50/50,4800,65000,True,,,5416.666666666667
2021-02-15 13:50:16.354,Tampere,36-40 v,mies,14.0,Työntekijä / palkollinen,1.0,cloud specialist,Toimisto,4860,60750.0,True,Gofore Oyj,,5062.5
2021-02-15 13:52:09.605,PK-Seutu,31-35 v,mies,12.0,Työntekijä / palkollinen,1.0,Dev lead,Toimisto,5100,75000,True,,,6250.0
2021-02-15 13:55:05.335,PK-Seutu,31-35 v,mies,7.0,Työntekijä / palkollinen,1.0,Infra/pilvi/SRE,Toimisto,5500,68750,False,Startup,"Rahapalkan päälle tulee vielä kohtuullinen optiopotti, mutta se toki on lähinnä arpalippu",5729.166666666667
2021-02-15 13:57:27.216,PK-Seutu,26-30 v,mies,7.0,Työntekijä / palkollinen,1.0,ohjelmistokehittäjä (full-stack),Toimisto,5250,68000,True,,,5666.666666666667
2021-02-15 13:57:59.009,Turku,21-25 v,mies,1.0,Työntekijä / palkollinen,1.0,"QA testaaja, tuki",Etä,2600,"2600*12,5",False,,,
2021-02-15 13:58:15.757,PK-Seutu,31-35 v,nainen,5.0,Työntekijä / palkollinen,1.0,Ohjelmistokehittäjä (mobile),Etä,2000-3400,32600,False,Qvik,,2716.6666666666665
2021-02-15 14:01:11.881,PK-Seutu,31-35 v,mies,7.0,Työntekijä / palkollinen,1.0,ohjelmistokehittäjä,Toimisto,5800,72500,False,,,6041.666666666667
2021-02-15 14:01:39.717,PK-Seutu,31-35 v,mies,9.0,Työntekijä / palkollinen,1.0,Ohjelmistokehittäjä,50/50,5800,85000,True,,,7083.333333333333
2021-02-15 14:05:02.322,Turku,36-40 v,mies,11.0,Työntekijä / palkollinen,1.0,Full stack ohjelmistokehittäjä,Etä,,~80000,True,Arado,Osittain laskutukseen perustuva palkka joten vaihtelee.,
2021-02-15 14:06:35.711,PK-Seutu,31-35 v,mies,16.0,Työntekijä / palkollinen,1.0,"Frontend, full-stack",Toimisto,4000,50000,True,Exove,,4166.666666666667
2021-02-15 14:09:17.189,PK-Seutu,36-40 v,mies,15.0,Työntekijä / palkollinen,1.0,Ohjelmistokehittäjä,Toimisto,6000,75000.0,True,,,6250.0
2021-02-15 14:10:49.790,PK-Seutu,31-35 v,mies,6.0,Työntekijä / palkollinen,1.0,Mobiili,Toimisto,5300,66250.0,True,,,5520.833333333333
2021-02-15 14:15:41.077,PK-Seutu,26-30 v,mies,2.0,Työntekijä / palkollinen,1.0,Ohjelmistokehittäjä,Toimisto,3000,37500,False,,,3125.0
2021-02-15 14:19:09.232,PK-Seutu,26-30 v,mies,5.0,Työntekijä / palkollinen,1.0,Ohjelmistokehittäjä,50/50,4250, ,True,,,
2021-02-15 14:20:49.654,Oulu,31-35 v,mies,12.0,Työntekijä / palkollinen,1.0,Senior Fullstack Developer,Etä,5500,70000,True,,,5833.333333333333
2021-02-15 14:21:09.913,Turku,41-45 v,mies,18.0,Työntekijä / palkollinen,1.0,Arkkitehti,Toimisto,5500,70000,True,,,5833.333333333333
2021-02-15 14:22:40.310,PK-Seutu,26-30 v,mies,11.0,Työntekijä / palkollinen,1.0,Senior Software Engineer,Toimisto,4500,59000,True,Verkkokauppa.com Oyj,,4916.666666666667
2021-02-15 14:24:31.881,PK-Seutu,36-40 v,mies,7.0,Työntekijä / palkollinen,1.0,Senior developer,Etä,4750,59375.0,True,,,4947.916666666667
2021-02-15 14:25:30.621,Wien,31-35 v,mies,12.0,Yrittäjä,,"Konsultoiva ohjelmistokehittäjä, kirjailija ja tapahtumanjärjestäjä",Etä,1666,50000,True,SurviveJS Oy,,4166.666666666667
2021-02-15 14:25:52.331,PK-Seutu,36-40 v,mies,13.0,Yrittäjä,,Full-stack developer,Etä,,160000 (sis ALV 24%),True,,,
2021-02-15 14:25:59.823,Tampere,31-35 v,,10.0,Työntekijä / palkollinen,1.0,Full-stack ohjelmistokehittäjä,Toimisto,4150,51875,True,,,4322.916666666667
2021-02-15 14:26:58.280,Tampere,36-40 v,mies,11.0,Työntekijä / palkollinen,0.8,full-stack,Toimisto,3360,42000,False,,,3500.0
2021-02-15 14:27:34.224,Oulu,31-35 v,mies,5.0,Työntekijä / palkollinen,1.0,ohjelmistokehittäjä,Etä,3200,42000,False,Bittium,,3500.0
2021-02-15 14:29:25.841,Oulu,36-40 v,mies,12.0,Työntekijä / palkollinen,1.0,Mobile developer,Etä,5040,66000,True,,,5500.0
2021-02-15 14:29:51.032,PK-Seutu,21-25 v,,4.0,Työntekijä / palkollinen,1.0,Cloud Specialist,50/50,3800,47500,,,,3958.3333333333335
2021-02-15 14:30:19.115,PK-Seutu,36-40 v,mies,12.0,Työntekijä / palkollinen,1.0,Arkkitehti,Toimisto,6956,86950,True,,,7245.833333333333
2021-02-15 14:30:30.341,PK-Seutu,26-30 v,mies,5.0,Työntekijä / palkollinen,1.0,Frontend-ohjelmistokehittäjä (mobiili),Toimisto,4000,53000,,Qvik,,4416.666666666667
2021-02-15 14:32:07.627,PK-Seutu,41-45 v,mies,16.0,Työntekijä / palkollinen,1.0,sr data scientist,Toimisto,5750,72000,True,,,6000.0
2021-02-15 14:32:39.740,Tampere,41-45 v,mies,21.0,Työntekijä / palkollinen,1.0,arkkitehti,Etä,6300,79000,False,,,6583.333333333333
2021-02-15 14:33:41.985,PK-Seutu,36-40 v,mies,15.0,Työntekijä / palkollinen,1.0,full-stack,Toimisto,6000,75000,True,,,6250.0
2021-02-15 14:36:17.551,Jyväskylä,26-30 v,mies,5.0,Työntekijä / palkollinen,1.0,ohjelmistokehittäjä,50/50,3264,40000,False,,,3333.3333333333335
2021-02-15 14:37:09.635,Tampere,36-40 v,mies,9.0,Työntekijä / palkollinen,1.0,DevSecOps specialist,Toimisto,5060,7500,True,,,625.0
2021-02-15 14:38:38.320,PK-Seutu,36-40 v,mies,10.0,Työntekijä / palkollinen,1.0,Po,Etä,5000,62000,False,,,5166.666666666667
2021-02-15 14:40:58.947,Oulu,26-30 v,mies,5.0,Työntekijä / palkollinen,1.0,Scrum Master,Toimisto,4000,50000,True,,,4166.666666666667
2021-02-15 14:44:20.196,PK-Seutu,31-35 v,mies,13.0,Freelancer,,full-stack kehittäjä,Etä,,186000 ALV24%,True,,,
2021-02-15 14:44:32.506,PK-Seutu,26-30 v,mies,4.0,Työntekijä / palkollinen,1.0,Mobiilikehittäjä,Etä,4400,55000,True,,,4583.333333333333
2021-02-15 14:45:29.087,PK-Seutu,41-45 v,mies,20.0,Yrittäjä,1.0,cto,Etä,5000,75000,True,,,6250.0
2021-02-15 14:46:11.468,PK-Seutu,36-40 v,mies,11.0,Freelancer,1.0,ohjelmistokehittäjä,Toimisto,,140000,True,,,11666.666666666666
2021-02-15 14:50:02.057,Turku,31-35 v,mies,10.0,Työntekijä / palkollinen,1.0,DevOps,Etä,3500,43750,False,,,3645.8333333333335
2021-02-15 14:52:45.276,Tampere,26-30 v,mies,5.0,Freelancer,1.0," ohjelmistokehittäjä (full-stack, web)",Etä,,72000,True,,,6000.0
2021-02-15 14:56:33.148,PK-Seutu,36-40 v,,16.0,Työntekijä / palkollinen,1.0,,50/50,5900,79000,,,,6583.333333333333
2021-02-15 14:56:52.794,PK-Seutu,36-40 v,mies,12.0,Työntekijä / palkollinen,0.8,Full-stack,Etä,4000,48000,False,,,4000.0
2021-02-15 14:58:35.257,PK-Seutu,26-30 v,mies,5.0,Työntekijä / palkollinen,1.0,DevOps,Toimisto,4900,61250,True,,,5104.166666666667
2021-02-15 15:00:21.076,PK-Seutu,41-45 v,mies,20.0,Työntekijä / palkollinen,1.0,Ohjelmistokehittäjä,50/50,4000,54000,False,,"Olen osakkaana startupissa, 5% osuus on osa kokonaiskompensaatiota. Edellisessä työssä bruttopalkka oli 6000 euroa kuukaudessa.",4500.0
2021-02-15 15:01:02.084,PK-Seutu,31-35 v,,7.0,Työntekijä / palkollinen,1.0,Ohjelmistokehittäjä,Toimisto,4888,6100,True,Valtio,,508.3333333333333
2021-02-15 15:01:24.421,PK-Seutu,26-30 v,mies,5.0,Työntekijä / palkollinen,1.0,,50/50,3340,41750,False,Kela,,3479.1666666666665
2021-02-15 15:04:02.341,PK-Seutu,31-35 v,,7.0,Työntekijä / palkollinen,1.0,full-stack kehittäjä,Toimisto,5500,68750.0,True,,,5729.166666666667
2021-02-15 15:08:27.431,Lontoo,21-25 v,mies,0.0,Työntekijä / palkollinen,1.0,Software Developer,Toimisto,5500,115000,True,,"Ilmaset kaffet, safkat, salit jne.",9583.333333333334
2021-02-15 15:09:01.619,PK-Seutu,31-35 v,mies,10.0,Työntekijä / palkollinen,1.0,"backend, sysadmin, arkkitehti",Toimisto,4500,55000,True,Valtion omistama yritys,,4583.333333333333
2021-02-15 15:09:02.881,Jyväskylä,36-40 v,mies,5.0,Työntekijä / palkollinen,1.0,Web Developer,Etä,3000,37500.0,False,Digitoimisto Dude Oy,,3125.0
2021-02-15 15:10:57.839,PK-Seutu,31-35 v,mies,7.0,Työntekijä / palkollinen,1.0,Full-stack dev,Etä,4500,56250,False,,"startup, palkan lisäksi optiopaketti.",4687.5
2021-02-15 15:18:44.879,PK-Seutu,41-45 v,mies,21.0,Yrittäjä,1.0,Arkkitehti,Etä,,180000,True,,,15000.0
2021-02-15 15:19:13.063,PK-Seutu,26-30 v,,5.0,Työntekijä / palkollinen,1.0,,Toimisto,3600,45000,False,,,3750.0
2021-02-15 15:19:44.651,Turku,31-35 v,mies,7.0,Työntekijä / palkollinen,1.0,,Etä,3700,55000,True,Vincit,,4583.333333333333
2021-02-15 15:29:46.078,Turku,31-35 v,mies,11.0,Työntekijä / palkollinen,1.0,Full-stack ohjelmistokehittäjä,50/50,,75000,True,Arado,"Palkka perustuu osittain laskutukseen, joten vuositulot vaihtelevat hieman.",6250.0
2021-02-15 15:36:23.222,Tampere,41-45 v,mies,20.0,Työntekijä / palkollinen,1.0,Full-stack,Etä,4700,59000,True,,,4916.666666666667
2021-02-15 15:41:03.791,Tampere,26-30 v,,8.0,Työntekijä / palkollinen,1.0,Senior Frontend Developer,Etä,6120,80000,True,Brella,Vuositulot pitää sisällään myös sivutoimisena tehtyä pientä laskutusta.,6666.666666666667
2021-02-15 15:41:35.296,Tampere,36-40 v,mies,16.0,Työntekijä / palkollinen,1.0,full-stack kehittäjä,Toimisto,4600,60000,True,,,5000.0
2021-02-15 15:43:49.758,PK-Seutu,36-40 v,mies,16.0,Työntekijä / palkollinen,1.0,Tekninen liidi,Toimisto,6300,85000,True,,,7083.333333333333
2021-02-15 15:47:27.637,Oulu,36-40 v,mies,15.0,Työntekijä / palkollinen,1.0,Product Owner,Etä,6350,80000,True,Pankki,,6666.666666666667
2021-02-15 15:48:32.607,PK-Seutu,31-35 v,mies,10.0,Työntekijä / palkollinen,1.0,full-stack,Etä,,80500.0,True,,,6708.333333333333
2021-02-15 15:50:32.009,Turku,31-35 v,mies,10.0,Työntekijä / palkollinen,1.0,fullstack,Etä,5200,67500,True,,,5625.0
2021-02-15 15:51:24.534,Kuopio,21-25 v,,4.0,Yrittäjä,1.0,full-stack,Etä,,62500,False,,,5208.333333333333
2021-02-15 15:56:25.919,Jyväskylä,36-40 v,mies,12.0,Työntekijä / palkollinen,1.0,Senior SW developer (fullstack),Etä,5100,64500,True,,,5375.0
2021-02-15 15:58:21.057,PK-Seutu,26-30 v,mies,3.0,Työntekijä / palkollinen,1.0,Ohjelmistokehittäjä full-stack,Toimisto,3900,51500,False,,,4291.666666666667
2021-02-15 16:00:43.021,PK-Seutu,36-40 v,mies,15.0,Työntekijä / palkollinen,1.0,"ohjelmistokehittäjä, front + vähän back",Toimisto,4500,58000,False,,,4833.333333333333
2021-02-15 16:04:53.145,PK-Seutu,26-30 v,mies,3.0,Työntekijä / palkollinen,1.0,kooder,Etä,4000,4000,True,hyvä työ,,333.3333333333333
2021-02-15 16:06:53.715,PK-Seutu,26-30 v,nainen,4.0,Työntekijä / palkollinen,1.0,"Ohjelmistokehittäjä, full-stack",Toimisto,4000,52000.0,True,,,4333.333333333333
2021-02-15 16:07:11.000,PK-Seutu,26-30 v,nainen,2.0,Työntekijä / palkollinen,1.0,full-stack developer konsultti,Toimisto,4000,54000,True,Columbia Road,,4500.0
2021-02-15 16:14:09.066,Tampere,36-40 v,mies,10.0,Työntekijä / palkollinen,1.0,"Vanhempi ohjelmistosuunnittelija, fullstack",Toimisto,4140,51750,False,Gofore,,4312.5
2021-02-15 16:17:56.856,PK-Seutu,31-35 v,mies,9.0,Työntekijä / palkollinen,1.0,Lead developer,Toimisto,7200,250000,True,,,20833.333333333332
2021-02-15 16:19:37.352,Tampere,41-45 v,mies,20.0,Työntekijä / palkollinen,1.0,Kehittäjä/arkkitehti,Etä,7000,87500.0,True,,,7291.666666666667
2021-02-15 16:22:53.163,Tampere,31-35 v,mies,10.0,Työntekijä / palkollinen,1.0,Projektipäällikkö,Etä,4300,54000,False,,,4500.0
2021-02-15 16:27:06.345,PK-Seutu,26-30 v,mies,6.0,Työntekijä / palkollinen,1.0,ohjelmistokehittäjä,Toimisto,4800,57600,True,,,4800.0
2021-02-15 16:32:00.210,PK-Seutu,26-30 v,mies,7.0,Työntekijä / palkollinen,1.0,"Ohjelmistokehittäjä, web, front-end feat. full-stack",50/50,4000,52500,True,,,4375.0
2021-02-15 16:57:14.006,PK-Seutu,36-40 v,muu,13.0,Yrittäjä,1.0,arkkitehti,Etä,6000,85000,True,,,7083.333333333333
2021-02-15 16:57:54.492,Tampere,31-35 v,mies,11.0,Freelancer,,Full-stack,Etä,,190000,True,,,15833.333333333334
2021-02-15 16:59:36.341,Tampere,31-35 v,mies,10.0,Työntekijä / palkollinen,1.0,Full-stack kehittäjä,50/50,4020,50200,True,,,4183.333333333333
2021-02-15 17:03:50.821,PK-Seutu,31-35 v,mies,4.0,Työntekijä / palkollinen,1.0,DevOps,Toimisto,3700,46300,True,,,3858.3333333333335
2021-02-15 17:09:49.449,Turku,36-40 v,mies,13.0,Työntekijä / palkollinen,1.0,full-stack/mobiili,Etä,7000,~80000,True,Arado,,
2021-02-15 17:16:58.557,PK-Seutu,26-30 v,mies,7.0,Työntekijä / palkollinen,1.0,Full-stack ohjelmistokehittäjä,Toimisto,5600,70000,True,Konsulttiyritys,,5833.333333333333
2021-02-15 17:49:07.807,PK-Seutu,36-40 v,mies,13.0,Työntekijä / palkollinen,1.0,Frontend,50/50,6800,85000.0,True,,,7083.333333333333
2021-02-15 17:59:10.857,Tampere,31-35 v,mies,13.0,Työntekijä / palkollinen,1.0,Full-stack,Toimisto,4060,52000,True,,,4333.333333333333
2021-02-15 18:03:06.459,Vaasa,31-35 v,mies,11.0,Työntekijä / palkollinen,1.0,"ohjelmoija, backend, data, tekoäly ",Etä,3600,45000,True,,,3750.0
2021-02-15 18:04:44.321,Turku,26-30 v,mies,10.0,Työntekijä / palkollinen,0.8,CTO,Etä,4300,56000,True,,,4666.666666666667
2021-02-15 18:22:48.119,,36-40 v,mies,12.0,Työntekijä / palkollinen,1.0,DevOps,Toimisto,5600,67000,True,,,5583.333333333333
2021-02-15 18:33:14.232,Tampere,26-30 v,mies,3.0,Työntekijä / palkollinen,1.0,"Tech Lead, arkkitehti, DevOps, full-stack, perus konsultti",Etä,4000,52000,False,,,4333.333333333333
2021-02-15 18:47:38.392,PK-Seutu,41-45 v,mies,22.0,Työntekijä / palkollinen,0.8,tekninen suunnittelija / full-stack,Etä,3000,37500,False,,,3125.0
2021-02-15 18:49:31.146,PK-Seutu,26-30 v,mies,4.0,Freelancer,1.0,Full-stack / Scrum Master,Etä,,150000,True,,,12500.0
2021-02-15 19:18:43.698,PK-Seutu,31-35 v,mies,11.0,Työntekijä / palkollinen,1.0,Ohjelmistokehittäjä,Toimisto,5000,62500,True,,,5208.333333333333
2021-02-15 19:20:56.737,Tampere,26-30 v,mies,5.0,Työntekijä / palkollinen,1.0,Full-stack,Toimisto,3400,42500,False,,,3541.6666666666665
2021-02-15 19:21:27.930,PK-Seutu,41-45 v,mies,20.0,Freelancer,1.0,Full stack,50/50,,137800,True,,,11483.333333333334
2021-02-15 19:23:11.271,PK-Seutu,31-35 v,mies,7.0,Työntekijä / palkollinen,0.8,Ohjelmistokehittäjä,50/50,4800,60000,True,,,5000.0
2021-02-15 19:24:55.397,PK-Seutu,26-30 v,mies,5.0,Työntekijä / palkollinen,1.0,Developer,50/50,3900,50700,True,,,4225.0
2021-02-15 19:27:04.375,PK-Seutu,31-35 v,mies,8.0,Työntekijä / palkollinen,1.0,Drupal Developer,Etä,3750,47000,False,,,3916.6666666666665
2021-02-15 19:27:55.016,PK-Seutu,26-30 v,,10.0,Työntekijä / palkollinen,1.0,Ohjelmistokehittäjä,Toimisto,6000,75000.0,True,,,6250.0
2021-02-15 19:35:22.157,Tampere,36-40 v,mies,15.0,Työntekijä / palkollinen,1.0,developer,Etä,4900,61250.0,True,,saispa lisää liksaa,5104.166666666667
2021-02-15 19:41:45.173,PK-Seutu,36-40 v,,14.0,Työntekijä / palkollinen,1.0,Tekki manageri,50/50,6250,78125,True,,,6510.416666666667
2021-02-15 19:54:10.815,PK-Seutu,31-35 v,mies,9.0,Työntekijä / palkollinen,1.0,Lead Developer,Toimisto,5100,63750.0,False,UseLess,Startup,5312.5
2021-02-15 20:05:12.297,Tampere,36-40 v,mies,13.0,Työntekijä / palkollinen,1.0,full-stack,Toimisto,4700,67200,True,,,5600.0
2021-02-15 20:23:56.439,PK-Seutu,26-30 v,mies,3.0,Työntekijä / palkollinen,1.0,full-stack,50/50,3600,47000,True,Fraktio,,3916.6666666666665
2021-02-15 20:28:21.711,PK-Seutu,26-30 v,mies,8.0,Työntekijä / palkollinen,1.0,Senior developer,50/50,4800,64000,False,,,5333.333333333333
2021-02-15 20:53:44.958,PK-Seutu,51-55 v,mies,20.0,Työntekijä / palkollinen,1.0,ohjelmoija,Etä,6000,76000,False,,,6333.333333333333
2021-02-15 20:54:41.325,Joensuu,41-45 v,,13.0,Työntekijä / palkollinen,1.0,,Etä,5500,68750,True,,,5729.166666666667
2021-02-15 20:57:06.468,PK-Seutu,31-35 v,mies,1.0,Työntekijä / palkollinen,1.0,Frontend,Etä,3100,38750.0,,,,3229.1666666666665
2021-02-15 21:03:42.029,PK-Seutu,31-35 v,mies,9.0,Työntekijä / palkollinen,1.0,full-stack,Toimisto,5200,65000,False,,,5416.666666666667
2021-02-15 21:12:31.628,PK-Seutu,26-30 v,mies,8.0,Työntekijä / palkollinen,1.0,Team Lead,,6000,75000,True,,+ merkittävä optiopaketti,6250.0
2021-02-15 21:14:45.154,Oulu,36-40 v,mies,13.0,Freelancer,0.8,Fronttikoodari,Etä,,110000,True,,,9166.666666666666
2021-02-15 21:18:57.294,Oulu,41-45 v,mies,3.0,Työntekijä / palkollinen,1.0,frontend developer,Toimisto,3800,47500,True,,,3958.3333333333335
2021-02-15 21:37:52.013,PK-Seutu,41-45 v,mies,20.0,Työntekijä / palkollinen,1.0,Tech Lead,50/50,6000,85000,True,,,7083.333333333333
2021-02-16 00:00:50.094,Tampere,36-40 v,mies,13.0,Työntekijä / palkollinen,1.0,Ohjelmistokehittäjä,Toimisto,4400,55000,False,,,4583.333333333333
2021-02-16 07:02:05.878,Oulu,41-45 v,mies,20.0,Työntekijä / palkollinen,1.0,lead developer,Etä,7500,93750,True,,,7812.5
2021-02-16 08:40:13.115,PK-Seutu,36-40 v,mies,12.0,Työntekijä / palkollinen,1.0,UI-Suunnittelija / Frontti kehittäjä,50/50,,90000,True,Siili,,7500.0
2021-02-16 08:41:04.529,PK-Seutu,26-30 v,nainen,5.0,Työntekijä / palkollinen,1.0,ohjelmistokehittäjä (full-stack),50/50,4100,51000,True,,,4250.0
2021-02-16 08:43:50.157,PK-Seutu,26-30 v,mies,5.0,Työntekijä / palkollinen,1.0,Ohjelmisto kehittäjä,Toimisto,3590,44875,False,,,3739.5833333333335
2021-02-16 09:10:03.893,Tampere,26-30 v,mies,5.0,Työntekijä / palkollinen,1.0,Ohjelmistokehittäjä (frontend),Toimisto,3300,49000,False,Vincit,,4083.3333333333335
2021-02-16 09:46:38.803,PK-Seutu,31-35 v,nainen,13.0,Työntekijä / palkollinen,1.0,Chief Experience Officer,Etä,6000,75000,False,Fraktio,"Johtajasopimus, ei työaikaa",6250.0
2021-02-16 10:00:42.704,PK-Seutu,31-35 v,mies,7.0,Työntekijä / palkollinen,1.0,Full-stack,Toimisto,4200,55000,True,Fraktio,,4583.333333333333
2021-02-16 10:42:03.350,PK-Seutu,26-30 v,mies,5.0,Työntekijä / palkollinen,1.0,frontend,50/50,4500,58000,True,,,4833.333333333333
2021-02-16 10:43:56.429,Tampere,31-35 v,mies,11.0,Työntekijä / palkollinen,1.0,Koodaava projektipäällikkö,Toimisto,4250,55000,True,Gofore Oyj,,4583.333333333333
2021-02-16 10:44:27.612,Oulu,31-35 v,,10.0,Työntekijä / palkollinen,1.0,,Toimisto,4000,50000.0,True,,,4166.666666666667
2021-02-16 10:48:21.256,Tampere,36-40 v,mies,16.0,Työntekijä / palkollinen,1.0,Arkkitehti,Etä,4450,55000,False,Almamedia Partners,,4583.333333333333
2021-02-16 10:50:56.900,PK-Seutu,26-30 v,mies,5.0,Työntekijä / palkollinen,1.0,Tech lead,Etä,5200,65000,False,,,5416.666666666667
2021-02-16 11:25:43.002,Turku,21-25 v,mies,2.0,Työntekijä / palkollinen,1.0,Full-stack,Toimisto,2850,38400.0,True,,,3200.0
2021-02-16 11:47:28.584,PK-Seutu,31-35 v,nainen,2.0,Työntekijä / palkollinen,1.0,ohjelmistokehittäjä,Toimisto,3000,40478,True,Academic Work,,3373.1666666666665
2021-02-16 12:11:34.518,PK-Seutu,26-30 v,mies,5.0,Freelancer,1.0,Fullstack kehittäjä,Etä,,130 000€,True,,,
2021-02-16 13:07:12.947,Jyväskylä,41-45 v,mies,21.0,Työntekijä / palkollinen,1.0,Data scientist,Toimisto,4500,57000,True,,,4750.0
2021-02-16 13:11:57.116,PK-Seutu,31-35 v,nainen,20.0,Työntekijä / palkollinen,1.0,asiantuntija,Toimisto,3600,45000,True,,,3750.0
2021-02-16 13:19:08.270,Tampere,36-40 v,mies,12.0,Työntekijä / palkollinen,1.0,full-stack ohjelmistokehittäjä,Etä,4800,60000,True,Gofore,,5000.0
2021-02-16 13:47:10.006,PK-Seutu,31-35 v,mies,10.0,Työntekijä / palkollinen,1.0,Full-Stack kehittäjä + projektinvetovastuuta,Etä,5700,76000,True,Columbia Road Oy,,6333.333333333333
2021-02-16 14:02:53.959,PK-Seutu,36-40 v,mies,15.0,Yrittäjä,,Ohjelmistoyrittäjä,50/50,7000,100000.0,False,Oma firma,"Vastasin kysymyksiin läpällä. Summat on enemmän sitä minkä verran yrittäjänä haluaa sykkiä ja mennä ""raha edellä"". ",8333.333333333334
2021-02-16 15:04:15.689,Turku,26-30 v,mies,6.0,Työntekijä / palkollinen,1.0,Ohjelmistokehittäjä,50/50,3600,52000,True,,,4333.333333333333
2021-02-16 15:55:16.912,PK-Seutu,26-30 v,mies,12.0,Yrittäjä,1.0,Suurarkkitehti,50/50,7000,87500.0,False,,,7291.666666666667
2021-02-16 16:35:21.657,Tampere,26-30 v,mies,9.0,Työntekijä / palkollinen,1.0,Arkkitehti,Etä,5000,67500,True,,,5625.0
2021-02-16 17:20:53.012,PK-Seutu,31-35 v,mies,14.0,Työntekijä / palkollinen,1.0,Lead Developer,Toimisto,7000,91000,True,Pankki,,7583.333333333333
2021-02-16 17:23:13.009,PK-Seutu,31-35 v,mies,2.0,Työntekijä / palkollinen,0.8,ohjelmistokehittäjä,50/50,2500,31250.0,True,,,2604.1666666666665
2021-02-16 17:39:04.578,Europe,46-50 v,mies,23.0,Freelancer,0.8,Solution Architect,50/50,6000,130000,True,,,10833.333333333334
2021-02-16 17:51:23.751,PK-Seutu,31-35 v,mies,7.0,Työntekijä / palkollinen,1.0,ohjelmistokehittäjä (frontend),Etä,5100,61200,True,,,5100.0
2021-02-16 18:16:57.661,PK-Seutu,26-30 v,mies,5.0,Työntekijä / palkollinen,1.0,full-stack + projektivastuuta,50/50,5300,66250,True,,,5520.833333333333
2021-02-16 18:40:42.277,,36-40 v,mies,14.0,Työntekijä / palkollinen,1.0,Lead developer (full stack),,4000,50000,False,Gofore,,4166.666666666667
2021-02-16 19:55:31.672,PK-Seutu,36-40 v,mies,15.0,Työntekijä / palkollinen,1.0,arkkitehti,50/50,5500,68750,True,,,5729.166666666667
2021-02-16 21:21:39.298,PK-Seutu,41-45 v,mies,15.0,Työntekijä / palkollinen,1.0,ohjelmistoarkkitehti,Toimisto,6100,76250.0,True,,,6354.166666666667
2021-02-16 21:22:36.620,Tampere,41-45 v,mies,16.0,Työntekijä / palkollinen,1.0,arkkitehti,Toimisto,5900,80000,False,,,6666.666666666667
2021-02-16 21:32:07.059,PK-Seutu,41-45 v,mies,15.0,Työntekijä / palkollinen,1.0,Rails / Raspberry / Android ,50/50,5065,63312.5,True,,,5276.041666666667
2021-02-16 21:33:59.713,Tampere,31-35 v,mies,13.0,Työntekijä / palkollinen,1.0,Full-stack / arkkitehti / tekninen myynti,Toimisto,5168,75000,False,Vincit,,6250.0
2021-02-16 21:34:32.499,PK-Seutu,41-45 v,mies,20.0,Työntekijä / palkollinen,1.0,arkkitehti,Etä,5700,85000,True,,"Korona-aika on lisännyt etätyön määrää. Aiemmin pari päivää viikossa etänä, nyt kokonaan. Paluuta vanhaan ei varmaankaan ole, ehkä päivä viikossa konttorilla ihan sosiaalisten kontaktien takia.",7083.333333333333
2021-02-16 23:00:43.968,PK-Seutu,31-35 v,mies,8.0,Työntekijä / palkollinen,1.0,Senior Software Engineer,Etä,8000,104000,True,Mirantis,,8666.666666666666
2021-02-16 23:54:53.619,PK-Seutu,36-40 v,mies,13.0,Työntekijä / palkollinen,1.0,Full-stack koodari,50/50,6800,91000,True,,,7583.333333333333
2021-02-17 07:58:53.036,PK-Seutu,26-30 v,mies,4.0,Työntekijä / palkollinen,1.0,Front-end / full-stack ohjelmistokehittäjä,Toimisto,4050,52000,True,,,4333.333333333333
2021-02-17 08:30:45.093,Oulu,51-55 v,mies,25.0,Työntekijä / palkollinen,1.0,projektipäällikkö,Etä,6000,80000,True,,,6666.666666666667
2021-02-17 08:46:57.425,Tampere,41-45 v,mies,20.0,Freelancer,,"Full-stack, backend painotuksella",Toimisto,,130000,True,,,10833.333333333334
2021-02-17 09:31:15.971,PK-Seutu,26-30 v,nainen,2.0,Työntekijä / palkollinen,1.0,ohjelmistokehittäjä (frontend),50/50,3200,40000.0,True,,,3333.3333333333335
2021-02-17 09:50:26.998,PK-Seutu,31-35 v,mies,11.0,Työntekijä / palkollinen,1.0,devops-konsultti,Toimisto,6200,77500,True,,,6458.333333333333
2021-02-17 10:46:07.064,Tampere,21-25 v,nainen,3.0,Työntekijä / palkollinen,1.0,Asiantuntija,Etä,3000,38000,False,,,3166.6666666666665
2021-02-17 14:09:28.936,PK-Seutu,21-25 v,mies,1.0,Työntekijä / palkollinen,1.0,full-stack,Toimisto,2800,36300,True,,,3025.0
2021-02-17 17:43:59.912,PK-Seutu,26-30 v,nainen,4.0,Työntekijä / palkollinen,1.0,Software Developer,Etä,4080,51000,False,,,4250.0
2021-02-17 20:51:31.100,Turku,26-30 v,mies,4.0,Työntekijä / palkollinen,1.0,Full-stack,Etä,8000,98000,True,,,8166.666666666667
2021-02-18 00:49:57.161,PK-Seutu,31-35 v,mies,2.0,Työntekijä / palkollinen,1.0,Full-stack,Etä,3200,40000,False,Konsulttiputka,,3333.3333333333335
2021-02-18 10:05:56.566,PK-Seutu,31-35 v,mies,6.0,Työntekijä / palkollinen,1.0,full-stack,Toimisto,4200,52500.0,True,Siili solutions,,4375.0
2021-02-18 11:26:34.059,Tampere,26-30 v,mies,5.0,Työntekijä / palkollinen,0.8,"Ohjelmistokehittäjä, backend",50/50,3000,37500,False,,,3125.0
2021-02-18 19:58:18.897,Tampere,31-35 v,mies,9.0,Yrittäjä,1.0,"founderi, ohjelmistoinsinööri",50/50,3500,42000,False,,,3500.0
2021-02-18 20:20:15.645,Turku,31-35 v,mies,7.0,Työntekijä / palkollinen,1.0,Ohjelmistokehittäjä / -konsultti (frontend),Etä,5000,62500,True,Houston Inc.,"Ei sinänsä liity suoraan palkkoihin, mutta olisi mielenkiintoista tietää miten palkka vaikuttaa työpaikan vaihtoon. Eli esim. Oletko vaihtanut/vaihtamassa/miettinyt vaihtamista, koska toisaalla maksetaan enemmän?",5208.333333333333
2021-02-18 20:31:30.615,PK-Seutu,26-30 v,nainen,4.0,Työntekijä / palkollinen,1.0,Junior frontend engineer,50/50,4000,50000.0,True,,,4166.666666666667
2021-02-18 20:48:25.694,PK-Seutu,31-35 v,mies,7.0,Työntekijä / palkollinen,1.0,Full stack,Etä,4000,50000.0,True,,,4166.666666666667
2021-02-18 22:19:32.061,PK-Seutu,21-25 v,mies,5.0,Työntekijä / palkollinen,0.8,Koodi Ukkelli,50/50,3750,48000,False,Kaverin firma. Hyväntekeväisyyttä tälläsel alle neljän kilon palkoil mutta sentään on periantai kaliat aina viriman piikkii räh kjäh,,4000.0
2021-02-18 22:28:24.882,PK-Seutu,36-40 v,mies,13.0,Yrittäjä,1.0,full-stack + firman pyöritykseen liittyvää,Etä,5000,70000,True,Pieni tuotetalo,,5833.333333333333
2021-02-19 08:22:19.510,Tampere,26-30 v,muu,7.0,Työntekijä / palkollinen,1.0,Ohejlmistokehittäjä (full-stack),Toimisto,4200,54000.0,True,,,4500.0
2021-02-19 09:18:22.957,PK-Seutu,41-45 v,mies,20.0,Freelancer,,Full-stack,Etä,,110000,,,,9166.666666666666
2021-02-19 10:47:03.617,PK-Seutu,31-35 v,mies,9.0,Työntekijä / palkollinen,1.0,Full stack developer,Toimisto,5400,70000,True,,,5833.333333333333
2021-02-19 10:47:33.387,PK-Seutu,41-45 v,mies,20.0,Työntekijä / palkollinen,1.0,ohjelmistotestaus,Etä,4500,72520,True,en halua,olen sekä päivätyöläinen että friikku. jospa nyt kuitenki vois valita monta?,6043.333333333333
2021-02-19 10:47:38.477,PK-Seutu,26-30 v,mies,4.0,Freelancer,1.0,Cloud,Etä,,95000,True,,,7916.666666666667
2021-02-19 10:47:50.160,PK-Seutu,31-35 v,mies,6.0,Työntekijä / palkollinen,1.0,lead dev,Toimisto,5800,73000,True,F-Secure,,6083.333333333333
2021-02-19 10:47:54.906,Tampere,26-30 v,mies,5.0,Työntekijä / palkollinen,1.0,Lead Developer,Toimisto,4200,55000,True,Vincit,Ihan OK. Edut myös kovat.,4583.333333333333
2021-02-19 10:47:57.877,PK-Seutu,31-35 v,mies,4.0,Työntekijä / palkollinen,1.0,Ohjelmistokehittäjä,Toimisto,4000,50000,False,,,4166.666666666667
2021-02-19 10:48:00.296,PK-Seutu,26-30 v,mies,3.0,Työntekijä / palkollinen,1.0,Front-end,Etä,4300,53750,True,,,4479.166666666667
2021-02-19 10:48:06.695,PK-Seutu,31-35 v,mies,4.0,Työntekijä / palkollinen,1.0,Ohjelmistokehittäjä,Etä,5900,73750,True,,,6145.833333333333
2021-02-19 10:48:16.541,Turku,21-25 v,mies,3.0,Työntekijä / palkollinen,1.0,Software Engineer,Toimisto,4000,54000,True,Vincit,,4500.0
2021-02-19 10:48:31.881,PK-Seutu,36-40 v,mies,13.0,Työntekijä / palkollinen,1.0,full-stack,Etä,4850,63000,True,Zure Oy,,5250.0
2021-02-19 10:48:51.671,PK-Seutu,26-30 v,mies,1.0,Työntekijä / palkollinen,1.0,Mobile developer,Etä,2600,45000,True,,,3750.0
2021-02-19 10:48:52.341,Jyväskylä,26-30 v,mies,5.0,Työntekijä / palkollinen,1.0,Ohjelmistokehittäjä (frontend + mobiili),Etä,4500,56250,True,,,4687.5
2021-02-19 10:48:52.926,Turku,31-35 v,mies,6.0,Työntekijä / palkollinen,1.0,Full-stack + devops + risat,Etä,4100,62000,True,,,5166.666666666667
2021-02-19 10:48:57.428,Lahti,26-30 v,mies,8.0,Työntekijä / palkollinen,1.0,Senior frontend developer,Etä,4800,62000,True,,,5166.666666666667
2021-02-19 10:48:59.264,Turku,21-25 v,nainen,3.0,Työntekijä / palkollinen,1.0,fullstack,Etä,3750,46875,,,,3906.25
2021-02-19 10:49:25.700,Kouvola,26-30 v,mies,1.0,Työntekijä / palkollinen,1.0,Full-stack,Etä,2820,35250,False,Telia Cygate Oy,,2937.5
2021-02-19 10:49:39.894,PK-Seutu,26-30 v,mies,6.0,Työntekijä / palkollinen,1.0,Engineering team lead,Etä,6500,78000 + optiot,,,,
2021-02-19 10:49:40.926,Tampere,31-35 v,nainen,1.0,Työntekijä / palkollinen,1.0,Ohjelmistokehittäjä (frontend),Etä,2275,30000,False,,,2500.0
2021-02-19 10:49:47.576,Tampere,36-40 v,,14.0,Työntekijä / palkollinen,1.0,"Back-end enimmäkseen, mutta pieni organisaatio niin kaikkea",Etä,5236,65450,True,,,5454.166666666667
2021-02-19 10:49:53.712,Jyväskylä,31-35 v,,8.0,Työntekijä / palkollinen,1.0,kehittäjä,50/50,3800,47500,False,Geniem,,3958.3333333333335
2021-02-19 10:50:06.334,Turku,36-40 v,mies,12.0,Työntekijä / palkollinen,1.0,Solution Developer,Toimisto,4747,62000,True,If,,5166.666666666667
2021-02-19 10:50:31.616,PK-Seutu,41-45 v,mies,24.0,Työntekijä / palkollinen,0.7,Full stack dev/cto,Etä,3200,40000.0,True,,,3333.3333333333335
2021-02-19 10:50:36.669,PK-Seutu,36-40 v,mies,8.0,Työntekijä / palkollinen,1.0,Full-stack ,Toimisto,4400,55000,False,Reaktor,,4583.333333333333
2021-02-19 10:50:39.036,PK-Seutu,26-30 v,mies,1.0,Työntekijä / palkollinen,1.0,sovelluskehitysharjoittelija,Etä,1800,22500.0,False,julkinen sektori,,1875.0
2021-02-19 10:50:42.124,Tampere,36-40 v,mies,6.0,Työntekijä / palkollinen,1.0,ohjelmistokehittäjä,Toimisto,3950,49375,False,,,4114.583333333333
2021-02-19 10:51:11.796,Tampere,26-30 v,mies,3.0,Työntekijä / palkollinen,1.0,"Full-stack kehittäjä, rekrytointi, projektipäällikkö",Etä,3410,42625,True,Futurice,,3552.0833333333335
2021-02-19 10:51:14.144,Hämeenlinna,21-25 v,mies,4.0,Työntekijä / palkollinen,1.0,frontend ohjelmistokehittäjä,Toimisto,2800,35000,True,,,2916.6666666666665
2021-02-19 10:51:15.023,Oulu,36-40 v,,13.0,Työntekijä / palkollinen,1.0,Frontend,Etä,3500,43750.0,True,,,3645.8333333333335
2021-02-19 10:51:32.463,PK-Seutu,31-35 v,mies,7.0,Työntekijä / palkollinen,1.0,ohjelmistokehittäjä,Toimisto,4900,61250,False,,,5104.166666666667
2021-02-19 10:51:42.158,Turku,41-45 v,mies,15.0,Työntekijä / palkollinen,1.0,Team lead / front&backend,Etä,3725,44700,False,,,3725.0
2021-02-19 10:51:44.103,Tampere,41-45 v,mies,13.0,Työntekijä / palkollinen,1.0,"Senior developer, tech lead",Toimisto,4100,51250,False,,,4270.833333333333
2021-02-19 10:51:45.474,Kuopio,41-45 v,mies,2.0,Työntekijä / palkollinen,1.0,Fronttidevaaja,50/50,2900,36250.0,True,Kiho,,3020.8333333333335
2021-02-19 10:52:08.744,Oulu,31-35 v,mies,0.0,Työntekijä / palkollinen,1.0,Ohjelmistokehittäjä ,50/50,2300,30000,True,,,2500.0
2021-02-19 10:52:19.263,PK-Seutu,26-30 v,mies,5.0,Työntekijä / palkollinen,1.0,full-stack,Etä,3700,46250,False,Evermade,,3854.1666666666665
2021-02-19 10:52:52.287,Tampere,31-35 v,mies,11.0,Freelancer,1.0,Frontend/full-stack,Etä,,140000,True,,,11666.666666666666
2021-02-19 10:52:55.200,Turku,21-25 v,mies,2.0,Työntekijä / palkollinen,0.6,Developer,Etä,2100,29400,True,,,2450.0
2021-02-19 10:53:07.602,Tampere,26-30 v,mies,5.0,Työntekijä / palkollinen,1.0,Full-stack,50/50,4100,51000,False,,,4250.0
2021-02-19 10:53:21.880,Tampere,41-45 v,mies,22.0,Yrittäjä,,ohjelmistokehittäjä,50/50,,130000,True,,,10833.333333333334
2021-02-19 10:53:36.418,Turku,21-25 v,mies,1.0,Työntekijä / palkollinen,0.5,frontend,50/50,2600,20000,True,,"Työskentelen opintojen ohella, ensimmäisessä frontend devaajan työssä. Olen opiskellut reilu 2 vuotta yliopistossa. Palkkani on mielestäni nyt ihan ok, mutta tarkoituksena nostaa sitä 3000e /kk loppukesään mennessä. ",1666.6666666666667
2021-02-19 10:53:45.885,PK-Seutu,26-30 v,mies,2.0,Työntekijä / palkollinen,1.0,full-stack,Etä,3200,40000,True,,,3333.3333333333335
2021-02-19 10:53:51.187,PK-Seutu,46-50 v,mies,20.0,Työntekijä / palkollinen,1.0,"ohjelmistokehittäjä, datainsinööri",50/50,4600,60000,,KVTES-alainen kunnan omistama oy ,palkan lisänä lounas- ja virkistysetu,5000.0
2021-02-19 10:54:19.914,Tampere,31-35 v,mies,10.0,Työntekijä / palkollinen,1.0,arkkitehti,Toimisto,5000,62500,False,,,5208.333333333333
2021-02-19 10:54:27.380,PK-Seutu,31-35 v,mies,15.0,Työntekijä / palkollinen,1.0,Lead,Etä,7000,87500,True,,,7291.666666666667
2021-02-19 10:54:29.590,PK-Seutu,41-45 v,mies,23.0,Työntekijä / palkollinen,1.0,Konsultti,Etä,6500,81250.0,True,,,6770.833333333333
2021-02-19 10:54:42.303,Pohjanmaan alue,41-45 v,mies,20.0,Työntekijä / palkollinen,1.0,Arkkitehti,Etä,4100,50000,True,Yksityinen yritys,,4166.666666666667
2021-02-19 10:54:54.131,Ruotsi,36-40 v,mies,11.0,Työntekijä / palkollinen,1.0,Jotain muuta,50/50,5600,78000,True,,,6500.0
2021-02-19 10:54:56.611,PK-Seutu,31-35 v,mies,15.0,Työntekijä / palkollinen,1.0,Full-stack-kehittäjä/ops (tittelinä lead developer),Toimisto,6700,83750,True,,,6979.166666666667
2021-02-19 10:54:57.603,PK-Seutu,26-30 v,mies,3.0,Työntekijä / palkollinen,1.0,Sovellusasiantuntija,50/50,4000,55000,True,,,4583.333333333333
2021-02-19 10:55:40.199,Jyväskylä,26-30 v,mies,5.0,Työntekijä / palkollinen,1.0,DevOps Specialist,Toimisto,3700,48000,False,,,4000.0
2021-02-19 10:56:22.602,Kälviä,36-40 v,mies,20.0,Työntekijä / palkollinen,1.0,Arkkitehti,50/50,15000,200000,False,,,16666.666666666668
2021-02-19 10:56:38.413,Tampere,31-35 v,mies,5.0,Työntekijä / palkollinen,1.0,full-stack,Toimisto,3500,43750,True,,,3645.8333333333335
2021-02-19 10:57:04.789,Oulu,36-40 v,nainen,10.0,Työntekijä / palkollinen,1.0,Full-stack,Toimisto,3250,40625,False,,,3385.4166666666665
2021-02-19 10:57:17.513,Tampere,31-35 v,mies,9.0,Työntekijä / palkollinen,1.0,Senior developer,Toimisto,4200,57000,True,isohko konsulttilafka,,4750.0
2021-02-19 10:57:21.179,Tampere,31-35 v,mies,6.0,Työntekijä / palkollinen,1.0,Full-stack / senior,50/50,4300,57000,False,,,4750.0
2021-02-19 10:58:08.759,PK-Seutu,46-50 v,mies,20.0,Työntekijä / palkollinen,1.0,"ohjelmistokehittäjä, datainsinööri",50/50,4600,60000,,KVTES-alainen kunnan omistama oy ,palkan lisänä lounas- ja virkistysetu,5000.0
2021-02-19 10:58:38.842,Kuopio,21-25 v,mies,2.0,Työntekijä / palkollinen,0.5,full-stack,Etä,2400,30000,False,,Opiskelija,2500.0
2021-02-19 10:58:50.652,PK-Seutu,31-35 v,muu,13.0,Työntekijä / palkollinen,1.0,Technical Lead,Toimisto,5600,70000,False,,,5833.333333333333
2021-02-19 10:59:37.382,Oulu,31-35 v,mies,,Työntekijä / palkollinen,1.0,Ohjelmistokehittäjä,50/50,5500,80000,True,Pankki,,6666.666666666667
2021-02-19 10:59:45.981,Tampere,31-35 v,mies,5.0,Työntekijä / palkollinen,1.0,Ohjelmistokehittäjä/Projektiliidi,Toimisto,4300,57000,True,,,4750.0
2021-02-19 10:59:57.744,Tampere,26-30 v,mies,3.0,Työntekijä / palkollinen,0.8,Ohjelmistotiimin vetäjä,Toimisto,3600,41000,True,,Teen 80% työaikaa jotta ehtisin harrastaa kaikenlaista työnteon lisäksi,3416.6666666666665
2021-02-19 11:00:02.007,Turku,21-25 v,mies,1.0,Työntekijä / palkollinen,1.0,Software Developer,Etä,3800,46000,True,,,3833.3333333333335
2021-02-19 11:00:58.038,Pori,31-35 v,mies,3.0,Työntekijä / palkollinen,1.0,Ohjelmistokehittäjä,50/50,2770,34650,False,,,2887.5
2021-02-19 11:01:19.229,Tampere,36-40 v,mies,15.0,Yrittäjä,,frontend,Etä,,50000,False,,Halpaa freelancer laskutusta oman tuotekehityksen sivussa,4166.666666666667
2021-02-19 11:01:21.595,PK-Seutu,31-35 v,mies,8.0,Työntekijä / palkollinen,1.0,Full-stack kehittäjä,Toimisto,5566,75000,True,Futurice,"Palkka riippuu osittain firman tuloksesta, joten vaikea sanoa tarkkaan.",6250.0
2021-02-19 11:03:10.571,Turku,36-40 v,nainen,30.0,Työntekijä / palkollinen,1.0,project manager,Etä,5500,68750.0,True,,,5729.166666666667
2021-02-19 11:03:26.535,PK-Seutu,41-45 v,mies,21.0,Työntekijä / palkollinen,1.0,backend,Etä,5600,70000.0,True,,,5833.333333333333
2021-02-19 11:04:33.376,PK-Seutu,41-45 v,mies,20.0,Työntekijä / palkollinen,1.0,"Ohjelmistokehitys konsultointityönä, backend",50/50,5500,72000,True,,,6000.0
2021-02-19 11:06:02.425,Tampere,36-40 v,mies,5.0,Työntekijä / palkollinen,1.0,Team lead frontend,Etä,4250,56000,False,,,4666.666666666667
2021-02-19 11:06:55.573,PK-Seutu,26-30 v,,8.0,Freelancer,1.0,Full-stack,Toimisto,,155000,True,,,12916.666666666666
2021-02-19 11:07:09.240,Tampere,31-35 v,mies,,Työntekijä / palkollinen,1.0,Arkkitehti / lead dev / konsultti,50/50,5700,71250.0,True,Vincit,,5937.5
2021-02-19 11:08:52.604,PK-Seutu,26-30 v,,4.0,Työntekijä / palkollinen,1.0,full-stack,50/50,4200,55000,True,,,4583.333333333333
2021-02-19 11:11:15.850,Tampere,31-35 v,,10.0,Työntekijä / palkollinen,1.0,Arkkitehti,Etä,4650,58125,True,,,4843.75
2021-02-19 11:11:46.310,Turku,36-40 v,nainen,1.0,Työntekijä / palkollinen,1.0,Ohjelmistokehittäjä,Etä,2700,33750,True,,,2812.5
2021-02-19 11:12:19.346,PK-Seutu,31-35 v,mies,9.0,Työntekijä / palkollinen,1.0,Ohjelmistokehittäjä,Toimisto,4700,58750.0,True,,,4895.833333333333
2021-02-19 11:12:29.465,Tampere,46-50 v,mies,24.0,Työntekijä / palkollinen,1.0,ohjelmistokehittäjä full-stack,Etä,4650,58125,True,,,4843.75
2021-02-19 11:13:49.845,Turku,41-45 v,,20.0,Työntekijä / palkollinen,1.0,Arkkitehti,50/50,5500,71000,True,,,5916.666666666667
2021-02-19 11:15:29.576,Tampere,41-45 v,muu,17.0,Freelancer,,Fullstack,Toimisto,,135000,True,,,11250.0
2021-02-19 11:15:34.210,Tampere,26-30 v,nainen,6.0,Työntekijä / palkollinen,1.0,Frontend,Etä,3850,48100,True,,,4008.3333333333335
2021-02-19 11:15:45.246,Tampere,21-25 v,mies,4.0,Työntekijä / palkollinen,1.0,Full-stack kehittäjä,Toimisto,3900,52000,True,,,4333.333333333333
2021-02-19 11:16:13.369,Oulu,36-40 v,mies,16.0,Työntekijä / palkollinen,1.0,full-stack,50/50,5850,99000.0,True,,,8250.0
2021-02-19 11:17:21.245,Kuopio,31-35 v,mies,10.0,Yrittäjä,1.0,"toimitusjohtaja, projektipäällikkö, full-stack",50/50,5000,62500.0,True,,,5208.333333333333
2021-02-19 11:19:31.790,PK-Seutu,51-55 v,mies,30.0,Työntekijä / palkollinen,1.0,DevOps konsultti,Etä,5800,73000,True,,,6083.333333333333
2021-02-19 11:19:51.527,Jyväskylä,36-40 v,mies,2.0,Työntekijä / palkollinen,1.0,Full-stack developer / project lead,Etä,3400,40800,False,,,3400.0
2021-02-19 11:21:22.481,PK-Seutu,31-35 v,mies,3.0,Työntekijä / palkollinen,1.0,Ohjelmistokehittäjä,50/50,4300,56000,True,,,4666.666666666667
2021-02-19 11:22:05.118,Jyväskylä,26-30 v,mies,4.0,Työntekijä / palkollinen,1.0,Developer,Etä,3800,47500,True,,,3958.3333333333335
2021-02-19 11:22:11.798,PK-Seutu,31-35 v,mies,12.0,Yrittäjä,1.0,"Ohjelmistokehittäjä (full-stack), arkkitehti",Toimisto,3700,60000,False,,,5000.0
2021-02-19 11:22:16.973,San Francisco,,mies,5.0,Yrittäjä,,Full-Stack Software Engineer,Etä,,111000,True,,Vaikea vastata henkilönä joka tekee yrityksen kautta yhdelle ulkomaalaiselle yritykselle töitä (jolla ei ole entiteettiä suomessa). Vastasin nyt ikään kuin olisin yrittäjä vaikka käytännössä tämä on sama kuin olisin palkkaduunissa.,9250.0
2021-02-19 11:23:09.888,PK-Seutu,36-40 v,mies,13.0,Työntekijä / palkollinen,1.0,Ohjelmistokehitysjohtaja,50/50,6000,75000,True,,Pakettiin kuuluu reilu määrä optioita ja palkka nousee (ja laskee) firman liikevaihdon myötä.,6250.0
2021-02-19 11:24:28.271,PK-Seutu,31-35 v,mies,4.0,Työntekijä / palkollinen,1.0,DevSecOps,Etä,4800,60000.0,True,Teleoperaattori,,5000.0
2021-02-19 11:26:29.705,Tampere,41-45 v,mies,20.0,Työntekijä / palkollinen,1.0,Vastuullinen arkkitehti,Etä,6350,89000,True,,,7416.666666666667
2021-02-19 11:28:49.475,PK-Seutu,36-40 v,nainen,8.0,,1.0,Designer,Etä,4500,57000.0,False,,,4750.0
2021-02-19 11:32:35.933,PK-Seutu,31-35 v,nainen,2.0,Työntekijä / palkollinen,1.0,"Ohjelmistokehittäjä (full stack, konsultti)",Toimisto,3744,46800,True,Fraktio,,3900.0
2021-02-19 11:33:51.624,PK-Seutu,36-40 v,mies,5.0,Työntekijä / palkollinen,1.0,"Backend, pilvi-infra",Toimisto,3220,40250,False,Siili,,3354.1666666666665
2021-02-19 11:35:16.739,PK-Seutu,36-40 v,mies,11.0,Työntekijä / palkollinen,1.0,Toimitusjohtaja,50/50,7000,87500,True,,,7291.666666666667
2021-02-19 11:35:42.366,PK-Seutu,26-30 v,mies,4.0,Työntekijä / palkollinen,1.0,Full-stack ohjelmistokehittäjä,Toimisto,4500,56250,True,,,4687.5
2021-02-19 11:37:37.721,Länsi-Suomi,36-40 v,mies,8.0,Työntekijä / palkollinen,0.8,full-stack ohjelmistokehittäjä,Etä,2400,30000,False,,,2500.0
2021-02-19 11:38:57.062,PK-Seutu,21-25 v,,1.0,Työntekijä / palkollinen,1.0,frontend,Etä,3350,41875.0,True,,,3489.5833333333335
2021-02-19 11:39:37.765,Oulu,41-45 v,nainen,16.0,Työntekijä / palkollinen,1.0,QA,Toimisto,4155,59000,True,,,4916.666666666667
2021-02-19 11:40:23.314,Tampere,46-50 v,mies,25.0,Työntekijä / palkollinen,1.0,full-stack ohjelmistokehittäjä/arkkitehti,Toimisto,5300,68000,True,,,5666.666666666667
2021-02-19 11:40:54.346,Turku,31-35 v,muu,7.0,Työntekijä / palkollinen,1.0,senior backend dev,50/50,4500,56300,True,,,4691.666666666667
2021-02-19 11:42:21.777,PK-Seutu,36-40 v,mies,15.0,Työntekijä / palkollinen,1.0,Machine Learning Engineer,50/50,5500,70625,True,,,5885.416666666667
2021-02-19 11:43:01.810,Tampere,31-35 v,mies,8.0,Työntekijä / palkollinen,1.0,DevOps,50/50,4400,55000,True,,,4583.333333333333
2021-02-19 11:44:32.824,Tampere,36-40 v,mies,15.0,Freelancer,1.0,Full-stack developer + product roles,Etä,,115000,True,,,9583.333333333334
2021-02-19 11:46:19.709,Tampere,26-30 v,mies,5.0,Työntekijä / palkollinen,1.0,full-stack developer,50/50,4200,60000,True,Futurice,,5000.0
2021-02-19 11:46:37.319,Turku,21-25 v,mies,4.0,Työntekijä / palkollinen,1.0,backend,Toimisto,4000,0,True,,,0.0
2021-02-19 11:48:23.277,PK-Seutu,26-30 v,mies,3.0,Työntekijä / palkollinen,1.0,full-stack,Etä,3800,47500,False,,,3958.3333333333335
2021-02-19 11:48:59.211,PK-Seutu,31-35 v,mies,9.0,Työntekijä / palkollinen,1.0,Software Developer,Etä,4700,61000,False,,,5083.333333333333
2021-02-19 12:02:00.386,Jyväskylä,31-35 v,mies,9.0,Työntekijä / palkollinen,1.0,Team Leader,50/50,5300,76000,True,,,6333.333333333333
2021-02-19 12:07:20.168,PK-Seutu,26-30 v,mies,7.0,Työntekijä / palkollinen,1.0,"DevOps, Cloud Architect",Etä,4500,58500,False,,,4875.0
2021-02-19 12:09:16.098,"New York, etänä",21-25 v,mies,1.0,Yrittäjä,1.0,Full-stack softwar e engineer,Etä,,105000,True,Pieni startup,,8750.0
2021-02-19 12:12:31.166,Tampere,41-45 v,,18.0,Työntekijä / palkollinen,1.0,arkkitehti / tech advisor,Toimisto,4700,65000,False,,,5416.666666666667
2021-02-19 12:13:35.742,PK-Seutu,41-45 v,nainen,6.0,Työntekijä / palkollinen,1.0,backend,Etä,4250,53000,False,,it-ala 10+v koodaus 6v,4416.666666666667
2021-02-19 12:15:19.036,PK-Seutu,51-55 v,mies,20.0,Työntekijä / palkollinen,1.0,Konsultti,50/50,5300,66250,True,Nixu,,5520.833333333333
2021-02-19 12:17:31.321,Oulu,41-45 v,mies,25.0,Työntekijä / palkollinen,1.0,full-stack,Toimisto,4300,51600,False,,,4300.0
2021-02-19 12:18:30.502,Turku,26-30 v,mies,1.0,Työntekijä / palkollinen,1.0,full-stack,Etä,3700,46250,True,If Vakuutus,,3854.1666666666665
2021-02-19 12:18:40.183,Tampere,26-30 v,mies,6.0,Yrittäjä,,"CTO, esimies, yrittäjä, full-stack kehittäjä ja arkkitehti",Toimisto,,120000,True,Rare Agency Oy,,10000.0
2021-02-19 12:18:44.975,PK-Seutu,51-55 v,mies,25.0,Työntekijä / palkollinen,1.0,Full-stack ohjelmistokehittäjä,50/50,6800,85000,True,,,7083.333333333333
2021-02-19 12:20:02.220,PK-Seutu,36-40 v,mies,11.0,Freelancer,1.0,full-stack developer,Etä,,130000,True,,,10833.333333333334
2021-02-19 12:23:48.203,Tampere,31-35 v,mies,13.0,Työntekijä / palkollinen,1.0,Data-arkkitehti,Etä,7500,100000,True,,,8333.333333333334
2021-02-19 12:24:08.640,Tampere,36-40 v,mies,10.0,Työntekijä / palkollinen,1.0,Frontend,Etä,4700,58750.0,True,,,4895.833333333333
2021-02-19 12:24:43.448,PK-Seutu,36-40 v,mies,15.0,Työntekijä / palkollinen,1.0,"full stack developer, architect, lead",Toimisto,4500,66000,True,,,5500.0
2021-02-19 12:24:52.381,Tampere,26-30 v,mies,5.0,Työntekijä / palkollinen,0.8,Ohjelmistokehittäjä (mobiili),Toimisto,3750,57000,True,,,4750.0
2021-02-19 12:31:56.901,Tampere,36-40 v,mies,15.0,Työntekijä / palkollinen,1.0,Asiantuntija,Toimisto,5000,60000,True,,,5000.0
2021-02-19 12:39:49.243,Oulu,31-35 v,nainen,10.0,Yrittäjä,1.0,ohjelmistoarkkitehti,Etä,3300,40956,False,,"Vaikka merkitsin, että palkkani ei ole mielestäni kilpailukykyinen, se ei tarkoita ettenkö olisi siihen tyytyväinen. Tilanne yrittäjillä ei yleensä vastaa samaa kuin palkansaajilla, joten palkka ei ole yrittäjille monestikaan niin mustavalkoinen asia vaan kysymys on isommasta kuviosta.",3413.0
2021-02-19 12:40:21.663,Tampere,31-35 v,mies,13.0,Työntekijä / palkollinen,1.0,devops-konsultti,Toimisto,5300,66250,True,,,5520.833333333333
2021-02-19 12:43:39.871,Turku,,mies,0.0,Työntekijä / palkollinen,1.0,full-stack,,3500,43750.0,,,,3645.8333333333335
2021-02-19 12:53:17.008,PK-Seutu,26-30 v,mies,3.0,Työntekijä / palkollinen,1.0,Konsultti,Etä,3500,46000,True,,,3833.3333333333335
2021-02-19 12:57:05.434,Tampere,26-30 v,mies,5.0,Työntekijä / palkollinen,1.0,Full-stack,50/50,4800,60000,True,,,5000.0
2021-02-19 13:15:05.194,Turku,31-35 v,mies,8.0,Työntekijä / palkollinen,1.0,Senior Software Engineer (Backend),Etä,5700,74100,True,,"Ennen koronaa oli osittainen etätyö, koronan jälkeen 100%",6175.0
2021-02-19 13:15:21.103,EU,31-35 v,mies,3.0,Työntekijä / palkollinen,1.0,Ohjelmistokehittäjä,Toimisto,3200,40000,False,,,3333.3333333333335
2021-02-19 13:40:39.592,Jyväskylä,31-35 v,mies,6.0,Työntekijä / palkollinen,1.0,WordPress / Frontend-koodari,Etä,3000,37500.0,True,,,3125.0
2021-02-19 13:58:13.064,Jyväskylä,21-25 v,mies,21.0,Työntekijä / palkollinen,1.0,Arkkitehti,50/50,5500,75000,True,,,6250.0
2021-02-19 14:00:53.124,PK-Seutu,31-35 v,mies,7.0,Työntekijä / palkollinen,1.0,"Ohjelmistokehittäjä, backend",50/50,5470,94000,True,,,7833.333333333333
2021-02-19 14:07:49.545,PK-Seutu,31-35 v,,3.0,Työntekijä / palkollinen,1.0,Full stack developer,Etä,5300,66250,True,,,5520.833333333333
2021-02-19 14:10:25.271,Kuopio,31-35 v,mies,9.0,Työntekijä / palkollinen,0.8,CTO,Etä,5200,65000,True,,,5416.666666666667
2021-02-19 14:11:59.879,PK-Seutu,36-40 v,mies,14.0,Työntekijä / palkollinen,1.0,Projektipäällikkö,50/50,6400,102000,True,,,8500.0
2021-02-19 14:28:37.497,PK-Seutu,36-40 v,mies,15.0,Työntekijä / palkollinen,1.0,Frontend & UX,Toimisto,5000,Optiot,False,,,
2021-02-19 14:40:40.369,Tampere,26-30 v,mies,7.0,Työntekijä / palkollinen,1.0,ohjelmistokehittäjä,Etä,3900,55000,True,,,4583.333333333333
2021-02-19 14:42:01.266,Turku,21-25 v,mies,3.0,Työntekijä / palkollinen,1.0,Full stack,Toimisto,3200,40000,False,,,3333.3333333333335
2021-02-19 14:42:49.131,Turku,26-30 v,mies,2.0,Työntekijä / palkollinen,1.0,Full-stack ohjelmistokehittäjä (junior),Etä,2600,32500,False,ATR Soft,,2708.3333333333335
2021-02-19 14:44:18.231,PK-Seutu,31-35 v,,5.0,Työntekijä / palkollinen,1.0,full-stack,Etä,2900,36000,False,,,3000.0
2021-02-19 14:48:10.772,Viimsi,36-40 v,mies,20.0,Yrittäjä,,sysadmin,Etä,,110000,True,,,9166.666666666666
2021-02-19 14:54:21.221,Tampere,36-40 v,,12.0,Työntekijä / palkollinen,1.0,Ohjelmistosuunnittelija,Toimisto,3800,50000,False,,,4166.666666666667
2021-02-19 15:01:20.423,Turku,31-35 v,mies,9.0,Työntekijä / palkollinen,1.0,Full-stack ohjelmistokehittäjä,Toimisto,3900,52000,False,,,4333.333333333333
2021-02-19 15:06:06.295,PK-Seutu,36-40 v,nainen,14.0,Työntekijä / palkollinen,1.0,Senior consultant,Etä,8500,100000,True,Sulava,,8333.333333333334
2021-02-19 15:13:51.743,Pori,36-40 v,mies,8.0,Työntekijä / palkollinen,1.0,Tech Lead,Etä,5080,65000,False,Iso konsulttitalo,"Sijainti Pori, mutta etätöitä 100%. Varsinainen positio Tampere - Helsinki. Edut aika huonot, perusjutut. Työ itsessään aika masentavaa. Seuraavaksi varmaan freelance/yrittäjyys.",5416.666666666667
2021-02-19 15:24:01.085,Tampere,36-40 v,mies,14.0,Työntekijä / palkollinen,1.0,Ohjelmistotestaaja,Etä,4100,55000,True,,,4583.333333333333
2021-02-19 15:34:53.741,Tampere,26-30 v,muu,7.0,Työntekijä / palkollinen,1.0,Full-stack developer,50/50,5550,69400,True,,,5783.333333333333
2021-02-19 15:40:16.336,PK-Seutu,26-30 v,mies,5.0,Työntekijä / palkollinen,0.8,Full-stack/mobiili/design,Etä,7000,90000,True,Mavericks ,,7500.0
2021-02-19 16:04:50.348,Tampere,36-40 v,mies,16.0,Työntekijä / palkollinen,1.0,Ohjelmistokehittäjä,Toimisto,4800,65000,True,,Bonukset riippuu firman tuloksesta. Palkka olisi varmastikin enemmän muualla mutta uskoakseni linjassa kollegoideni kanssa.,5416.666666666667
2021-02-19 16:17:29.891,PK-Seutu,36-40 v,nainen,8.0,Työntekijä / palkollinen,,Product Owner,50/50,4500,56200,True,,,4683.333333333333
2021-02-19 16:26:32.700,PK-Seutu,36-40 v,mies,16.0,Työntekijä / palkollinen,1.0,Mobile SW,Etä,8000,95000,True,Mavericks,,7916.666666666667
2021-02-19 16:33:27.762,PK-Seutu,31-35 v,mies,11.0,Työntekijä / palkollinen,1.0,Full stack,50/50,7000,87500.0,True,Mavericks,,7291.666666666667
2021-02-19 16:34:07.545,PK-Seutu,31-35 v,mies,12.0,Työntekijä / palkollinen,1.0,full-stack,Etä,8000,95000,True,Mavericks,,7916.666666666667
2021-02-19 16:36:55.938,Tampere,41-45 v,mies,22.0,Työntekijä / palkollinen,0.8,ohjelmistokehittäjä (backend) / arkkitehti,Etä,4700,58750,False,,,4895.833333333333
2021-02-19 16:38:41.403,PK-Seutu,36-40 v,mies,2.0,Työntekijä / palkollinen,1.0,WordPress-kehittäjä,50/50,3000,37500,False,,,3125.0
2021-02-19 16:39:14.831,Tampere,31-35 v,mies,5.0,Työntekijä / palkollinen,1.0,Data scientist,Etä,4300,53750,,Wapice,,4479.166666666667
2021-02-19 16:48:04.696,PK-Seutu,41-45 v,mies,15.0,Työntekijä / palkollinen,1.0,ohjelmistokehittäjä,50/50,7500+,100000,True,,,8333.333333333334
2021-02-19 16:54:30.691,Turku,36-40 v,mies,13.0,Työntekijä / palkollinen,1.0,Lead Software Engineer ,Toimisto,5500,75000,True,,,6250.0
2021-02-19 17:13:18.923,PK-Seutu,36-40 v,mies,15.0,Työntekijä / palkollinen,1.0,full-stack,Etä,6000,76000,True,,,6333.333333333333
2021-02-19 17:51:37.178,PK-Seutu,21-25 v,nainen,4.0,Työntekijä / palkollinen,1.0,Frontend ohjelmistokehittäjä,Etä,4000,55000,True,,,4583.333333333333
2021-02-19 18:20:45.185,Oulu,31-35 v,nainen,6.0,Työntekijä / palkollinen,1.0,Tekninen asiantuntija/suunnittelija,Etä,3250,42000,False,,,3500.0
2021-02-19 18:34:24.007,Turku,26-30 v,mies,12.0,Työntekijä / palkollinen,1.0,full-stack,Etä,3000,37500,False,If,,3125.0
2021-02-19 18:59:37.686,Tampere,31-35 v,mies,5.0,Työntekijä / palkollinen,1.0,Ohjelmistokehittäjä,Toimisto,4200,52500,True,,,4375.0
2021-02-19 19:14:22.076,Vaasa,41-45 v,mies,20.0,Työntekijä / palkollinen,1.0,Ohjelmistokehittäjä,Etä,4250,55000,False,,,4583.333333333333
2021-02-19 19:44:54.685,Turku,21-25 v,mies,2.0,Työntekijä / palkollinen,,,Toimisto,3300,41250.0,,,,3437.5
2021-02-19 20:57:35.477,Tampere,31-35 v,mies,6.0,Työntekijä / palkollinen,1.0,Lead developer,Etä,4500,56250.0,True,,,4687.5
2021-02-19 20:57:45.660,Tampere,31-35 v,mies,6.0,Työntekijä / palkollinen,1.0,,50/50,4250,53000,True,,,4416.666666666667
2021-02-19 21:48:23.377,Tampere,21-25 v,mies,2.0,Työntekijä / palkollinen,0.8,Ful-stack kehittäjä front-end painolla,Toimisto,3300,41250,False,Bitwise Oy,,3437.5
2021-02-20 06:35:52.978,PK-Seutu,31-35 v,mies,7.0,Työntekijä / palkollinen,1.0,Full-Stack,Etä,6750,85000,True,,,7083.333333333333
2021-02-20 08:22:41.983,PK-Seutu,26-30 v,mies,5.0,Työntekijä / palkollinen,1.0,Konsultti / Full stack / Tech lead,Etä,9300,115000,True,Mavericks Software Oy,,9583.333333333334
2021-02-20 09:27:21.653,PK-Seutu,41-45 v,nainen,16.0,Työntekijä / palkollinen,1.0,Ohjelmistokehittäjä (full-stack),Etä,4070,50875,True,,,4239.583333333333
2021-02-20 10:50:47.369,Tampere,26-30 v,nainen,4.0,Työntekijä / palkollinen,0.8,Fullstack developer,Etä,3200,41000,False,Futurice,,3416.6666666666665
2021-02-20 13:02:12.173,Jyväskylä,36-40 v,mies,16.0,Työntekijä / palkollinen,1.0,full-stack ohjelmistokehittäjä,50/50,4850,60500,True,,,5041.666666666667
2021-02-20 14:10:22.775,PK-Seutu,26-30 v,mies,13.0,Työntekijä / palkollinen,1.0,full-stack,Etä,7500,93750.0,True,Mavericks,,7812.5
2021-02-20 16:52:30.035,Turku,51-55 v,mies,25.0,Työntekijä / palkollinen,1.0,Ohjelmistonkehittäjä,Toimisto,3980,49750.0,False,,,4145.833333333333
2021-02-20 18:12:09.200,Tallinna,41-45 v,mies,24.0,Yrittäjä,1.0,CTO/Founder/Kooderi,Toimisto,12000,300000,True,,,25000.0
2021-02-20 19:26:05.465,PK-Seutu,31-35 v,mies,8.0,Freelancer,,Full-stack,50/50,,130000,True,,,10833.333333333334
2021-02-20 21:05:22.856,PK-Seutu,26-30 v,mies,13.0,Freelancer,,ohjelmistokehittäjä,50/50,,165000,True,,,13750.0
2021-02-20 21:17:59.318,PK-Seutu,31-35 v,mies,10.0,Työntekijä / palkollinen,1.0,Software Architect,50/50,8000,100000,True,Compile Oy,,8333.333333333334
2021-02-20 22:54:48.513,PK-Seutu,36-40 v,nainen,7.0,Työntekijä / palkollinen,1.0,Project manager,50/50,3800,47500.0,False,,,3958.3333333333335
2021-02-21 11:49:58.888,Tampere,31-35 v,mies,5.0,Työntekijä / palkollinen,1.0,full-stack,Etä,5100,64000,True,,,5333.333333333333
2021-02-21 13:18:18.719,Tampere,41-45 v,mies,10.0,Työntekijä / palkollinen,1.0,Cloud Architect,Etä,5000,62500,False,Konsulttitalo,,5208.333333333333
2021-02-21 17:09:05.499,PK-Seutu,31-35 v,mies,10.0,Työntekijä / palkollinen,1.0,"data engineering, team lead",Etä,5300,71500,False,,,5958.333333333333
2021-02-21 18:34:07.903,PK-Seutu,21-25 v,mies,1.0,Työntekijä / palkollinen,1.0,Frontend,Toimisto,2600,31200,False,,,2600.0
2021-02-21 23:03:57.647,PK-Seutu,36-40 v,mies,22.0,Yrittäjä,1.0,Full-stack,Toimisto,5000,85000,True,,,7083.333333333333
2021-02-22 07:33:10.449,Hämeenlinna,31-35 v,,5.0,Työntekijä / palkollinen,0.8,Ohjelmistokehittäjä,Etä,2400,25000,False,,,2083.3333333333335
2021-02-22 07:47:19.579,PK-Seutu,36-40 v,mies,12.0,Työntekijä / palkollinen,1.0,Sovelluskehittäjä,Toimisto,6000,75000,False,,"Pieni firma ja paljon hattuja päässä. Palkka on hyvä, mutta ei korvaa stressiä ja painetta.",6250.0
2021-02-22 09:49:11.345,Lontoo,36-40 v,mies,17.0,Työntekijä / palkollinen,1.0,CTO,Etä,8500,200000,True,,,16666.666666666668
2021-02-22 10:02:50.113,PK-Seutu,31-35 v,mies,3.0,Työntekijä / palkollinen,1.0,Ohjelmistokehittäjä,Etä,3200,40000,False,Siili Solutions Oyj,,3333.3333333333335
2021-02-22 10:36:42.074,PK-Seutu,31-35 v,mies,20.0,Yrittäjä,1.0,CTO,Toimisto,4000,50000.0,False,,hyvä kysely,4166.666666666667
2021-02-22 11:03:33.749,Tampere,36-40 v,mies,10.0,Työntekijä / palkollinen,1.0,Ohjelmistokehittäjä,Toimisto,3858,48225,True,Wakeone,,4018.75
2021-02-22 11:05:29.788,PK-Seutu,36-40 v,nainen,12.0,Työntekijä / palkollinen,1.0,Myynnistä vastaava ,50/50,8200,100000,True,,,8333.333333333334
2021-02-22 12:44:27.805,Tampere,36-40 v,mies,15.0,Työntekijä / palkollinen,1.0,fullstack-ohjelmistokehittä / arkkitehti / pilviveikko,Etä,5700,70000,True,,,5833.333333333333
2021-02-22 12:44:41.634,Oulu,26-30 v,mies,7.0,Työntekijä / palkollinen,1.0,Backend,Etä,3800,47500,True,,,3958.3333333333335
2021-02-22 12:49:30.713,PK-Seutu,26-30 v,mies,5.0,Työntekijä / palkollinen,1.0,Mobiilikehittäjä,Toimisto,4500,56250,True,,,4687.5
2021-02-22 12:51:26.991,Oulu,26-30 v,nainen,5.0,Työntekijä / palkollinen,1.0,Web developer,50/50,3000,37500,False,,"Kokemusta kokonaisuudessaan 7v, mutta siitä reilut kaksi vuotta lasten kanssa kotona koodaamatta.",3125.0
2021-02-22 12:54:08.537,PK-Seutu,26-30 v,mies,9.0,Työntekijä / palkollinen,1.0,Tuotepäällikkö,Toimisto,5500,82500,True,,,6875.0
2021-02-22 13:03:17.260,Tampere,31-35 v,mies,5.0,Työntekijä / palkollinen,1.0,Lead front end dev,Toimisto,4200,50000,True,,,4166.666666666667
2021-02-22 13:33:47.981,PK-Seutu,26-30 v,mies,0.0,Työntekijä / palkollinen,1.0,harjoittelija,Toimisto,2200,27500.0,False,,,2291.6666666666665
2021-02-22 14:11:08.271,EU,31-35 v,mies,8.0,Työntekijä / palkollinen,1.0,Senior Backend Developer,Toimisto,4800,59000,False,,,4916.666666666667
2021-02-22 18:58:45.951,PK-Seutu,41-45 v,mies,15.0,Työntekijä / palkollinen,1.0,Teknologiajohtaja,Toimisto,12000,220000,True,,,18333.333333333332
2021-02-22 23:53:12.243,PK-Seutu,31-35 v,mies,8.0,Työntekijä / palkollinen,1.0,senior game developer,50/50,4000,50000,False,,,4166.666666666667
2021-02-23 08:54:20.588,PK-Seutu,31-35 v,nainen,3.0,Työntekijä / palkollinen,1.0,full-stack,Etä,3500,43750.0,False,,,3645.8333333333335
2021-02-23 09:56:27.496,PK-Seutu,31-35 v,mies,8.0,Työntekijä / palkollinen,1.0,full-stack conslut,Toimisto,5300,70000,True,keskikokoinen konsulttifirma,,5833.333333333333
2021-02-23 10:12:27.163,Lahti,36-40 v,mies,14.0,Työntekijä / palkollinen,1.0,Front-end Developer,Toimisto,"4695,70","58696,25",True,,,
2021-02-23 10:43:09.487,PK-Seutu,41-45 v,mies,9.0,Työntekijä / palkollinen,1.0,"ohjelmistokehittäjä/konsultti (senior, full-stack)",50/50,3926,50000,False,Vincit,"Olen firmaan, sen etuihin ja työilmapiiriin tyytyväinen.",4166.666666666667
