Timestamp	Missä kaupungissa työpaikkasi pääasiallinen toimisto sijaitsee?	Ikä	Sukupuoli	Työkokemus	Työsuhteen luonne	Työaika (jos työsuhteessa)	Rooli	Etänä vai paikallisesti?	Kuukausipalkka (jos työntekijä) (brutto)	Vuositulot (sis. bonukset, osingot yms) / Vuosilaskutus (jos laskutat)	Onko palkkasi nykyroolissasi mielestäsi kilpailukykyinen?	Työpaikka	Vapaa sana
													
2/15/2021 11:57:08	PK-Seutu (Helsinki, Espoo, Vantaa)	30-35 v		10	Työntekijä / palkollinen	100%	Arkkitehti	Noin 50/50 hybridimalli	6500	83000	Kyllä		
2/15/2021 11:57:20	Turku	30-35 v	mies	14	Työntekijä / palkollinen	100%	full-stack	Pääosin tai kokonaan etätyö	5000	62500	Kyllä		
2/15/2021 11:58:04	PK-Seutu (Helsinki, Espoo, Vantaa)	26-30 v	Mies	2	Työntekijä / palkollinen	100%	Full-stack ohjelmistokehittäjä	Pääosin tai kokonaan etätyö	2475	30000	Ei		
2/15/2021 11:58:15	Tampere	30-35 v	mies	22	Yrittäjä	100%	web-arkkitehti	Pääosin tai kokonaan etätyö	4300	100000	Kyllä		
2/15/2021 11:58:17	PK-Seutu (Helsinki, Espoo, Vantaa)	26-30 v	Mies	2	Työntekijä / palkollinen	100%	Ohjelmistokehittäjä	Pääosin tai kokonaan etätyö	3000	37500	Ei		
2/15/2021 11:58:49	PK-Seutu (Helsinki, Espoo, Vantaa)	41-45 v	M	23	Työntekijä / palkollinen	100%	Ohjelmistokehittäjä	Pääosin tai kokonaan toimistolla	8000	100000	Kyllä		
2/15/2021 12:00:04	PK-Seutu (Helsinki, Espoo, Vantaa)	30-35 v	Mies	10	Freelancer	100%	Ohjelmistokehittäjä	Pääosin tai kokonaan etätyö	6000	140000	Kyllä		
2/15/2021 12:00:05	Tampere	30-35 v		10	Työntekijä / palkollinen	100%	Ohjelmistokehittäjä	Pääosin tai kokonaan toimistolla	4250	54000	Kyllä		
2/15/2021 12:01:01	Tampere	30-35 v	Mies	6	Työntekijä / palkollinen	100%	Lead developer	Pääosin tai kokonaan toimistolla	4000	50000	Ei		
2/15/2021 12:02:04	Tallinna	30-35 v	Mies	12	Freelancer	100%		Pääosin tai kokonaan etätyö		200000	Kyllä	Questrade	
2/15/2021 12:04:57	Jyväskylä	30-35 v	Mies	10	Työntekijä / palkollinen	100%	Tekninen projektipäällikkö	Pääosin tai kokonaan toimistolla	3550	44 375	Ei		
2/15/2021 12:05:04	Tampere	30-35 v			Työntekijä / palkollinen	100%		Pääosin tai kokonaan etätyö	6100	77000	Kyllä		
2/15/2021 12:05:29	Tampere	30-35 v	Mies	10	Työntekijä / palkollinen	100%	Full-stack	Pääosin tai kokonaan etätyö	4500	57000	Kyllä		
2/15/2021 12:05:51	PK-Seutu (Helsinki, Espoo, Vantaa)	36-40 v	Mies	12	Työntekijä / palkollinen	100%	Senior front-end developer	Noin 50/50 hybridimalli	7000	90000	Kyllä		
2/15/2021 12:06:32	Jyväskylä	30-35 v	Mies	11	Työntekijä / palkollinen	100%	Devops specialist	Noin 50/50 hybridimalli	4500	56250	Kyllä		
2/15/2021 12:07:28	PK-Seutu (Helsinki, Espoo, Vantaa)	30-35 v	undefined is not an object	9	Työntekijä / palkollinen	100%	CTO/digidigikehitysjohtaja	Pääosin tai kokonaan etätyö	6000	73500	Kyllä		
2/15/2021 12:08:22	PK-Seutu (Helsinki, Espoo, Vantaa)	30-35 v	Mies	9	Freelancer	100%	Full stack developer	Pääosin tai kokonaan etätyö		120000	Ei		
2/15/2021 12:08:47	PK-Seutu (Helsinki, Espoo, Vantaa)	30-35 v	Mies	15	Työntekijä / palkollinen	100%	Backend developer	Pääosin tai kokonaan toimistolla	5100	65000	Ei		
2/15/2021 12:08:55	PK-Seutu (Helsinki, Espoo, Vantaa)	36-40 v	mies	16	Työntekijä / palkollinen	100%	full-stack ohjelmistokehittäjä	Noin 50/50 hybridimalli	5900	80000	Kyllä		
2/15/2021 12:09:10	Turku	36-40 v	Mies	15	Työntekijä / palkollinen	100%	full-stack, project manager	Pääosin tai kokonaan toimistolla	4100	55000	Ei		
2/15/2021 12:09:43	Tampere	26-30 v	mies	1	Työntekijä / palkollinen	100%	Integration Developer	Pääosin tai kokonaan toimistolla	2500	31250	Kyllä	Digia Oyj	Kuukausipalkkaan tulossa ihan juuri firman laajuinen pieni (muistaakseni 50 e) yleiskorotus + palkka nousee ainakin 2800 e/kk, kunhan valmistuisi.
2/15/2021 12:09:50	Jyväskylä	30-35 v		7	Työntekijä / palkollinen	100%	Full-Stack	Pääosin tai kokonaan etätyö	3500	43750	Ei		
2/15/2021 12:12:28	PK-Seutu (Helsinki, Espoo, Vantaa)	26-30 v	Mies	3	Työntekijä / palkollinen	100%	Full-Stack	Pääosin tai kokonaan etätyö	3791	0	Kyllä		
2/15/2021 12:12:38	Jyväskylä	26-30 v	Mies	4	Työntekijä / palkollinen	100%	Ohjelmistokehittäjä	Pääosin tai kokonaan toimistolla	3700	50000	Kyllä		
2/15/2021 12:13:39	PK-Seutu (Helsinki, Espoo, Vantaa)	36-40 v	m	10	Työntekijä / palkollinen	100%	full-stack	Pääosin tai kokonaan etätyö	4800	60000	Ei		
2/15/2021 12:13:48	PK-Seutu (Helsinki, Espoo, Vantaa)	36-40 v	Mies	20	Freelancer	100%	Koodari	Pääosin tai kokonaan etätyö		135000	Kyllä		
2/15/2021 12:14:30	PK-Seutu (Helsinki, Espoo, Vantaa)	26-30 v	Mies	4	Työntekijä / palkollinen	40	full-stack	Pääosin tai kokonaan etätyö	1700	22000	Kyllä		
2/15/2021 12:14:45	Tampere	31-35 v	Mies	6	Työntekijä / palkollinen	100%	Developer / cloud specialist	Noin 50/50 hybridimalli	4850		Kyllä	Gofore	
2/15/2021 12:14:59		26-30 v	Mies	10	Freelancer		CTO	Pääosin tai kokonaan etätyö		200000	Kyllä		
2/15/2021 12:17:10	PK-Seutu (Helsinki, Espoo, Vantaa)	36-40 v		12	Työntekijä / palkollinen	100%	Vanhempi ohjelmistokehittäjä	Pääosin tai kokonaan etätyö	4000		Ei		
2/15/2021 12:19:34	Turku	31-35 v	Mies	8	Työntekijä / palkollinen	100%	Full-stack	Pääosin tai kokonaan toimistolla	4167	55000	Kyllä		
2/15/2021 12:20:48	PK-Seutu (Helsinki, Espoo, Vantaa)	26-30 v	Nainen	5	Työntekijä / palkollinen	100%	Lead Developer	Noin 50/50 hybridimalli	5250		Kyllä		
2/15/2021 12:24:13	PK-Seutu (Helsinki, Espoo, Vantaa)	41-45 v	Mies	17	Työntekijä / palkollinen	100%	CTO eli kakkkea	Pääosin tai kokonaan etätyö	5000		Ei		
2/15/2021 12:24:52	PK-Seutu (Helsinki, Espoo, Vantaa)	31-35 v	mies	10	Työntekijä / palkollinen	100%	Data Developer	Pääosin tai kokonaan toimistolla	5100		Ei		
2/15/2021 12:25:08	PK-Seutu (Helsinki, Espoo, Vantaa)	26-30 v	mies	8	Työntekijä / palkollinen	100%	Pilvihommia	Noin 50/50 hybridimalli	5500 (tai 6900 jos osuu on-call -viikko kuukaudelle)	~78 000 (on-call -lisät n. joka toinen kuukausi)	Kyllä	Oura Health	
2/15/2021 12:25:47	Tampere	31-35 v	Mies	6	Työntekijä / palkollinen	100%	Vanhempi ohjelmistosuunnittelija	Pääosin tai kokonaan toimistolla	4100	51000	Ei		
2/15/2021 12:26:23	PK-Seutu (Helsinki, Espoo, Vantaa)	36-40 v			Työntekijä / palkollinen	100%		Pääosin tai kokonaan toimistolla	5200	69000			
2/15/2021 12:29:01	PK-Seutu (Helsinki, Espoo, Vantaa)	31-35 v	Mies	6	Työntekijä / palkollinen	100%	full-stack / lead developer	Pääosin tai kokonaan etätyö	5100	74000	Kyllä		
2/15/2021 12:29:24	Oulu	31-35 v	Mies	9	Työntekijä / palkollinen	100%	Full-stack	Pääosin tai kokonaan etätyö	4500	62500	Kyllä		
2/15/2021 12:30:09	Tampere	31-35 v	Mies	7	Työntekijä / palkollinen	100%	Cloud Architect	Noin 50/50 hybridimalli	5060	65000	Kyllä	Wirepas	
2/15/2021 12:34:49	Oulu	36-40 v	Mies	16	Työntekijä / palkollinen	100%	Arkkitehti	Pääosin tai kokonaan etätyö	6000	80000	Ei		
2/15/2021 12:35:25	Oulu	36-40 v	Mies	14	Työntekijä / palkollinen	100%	Full stack ohjelmistokehittaja	Noin 50/50 hybridimalli	5400	67500	Kyllä		
2/15/2021 12:37:33	Tampere	31-35 v	Mies	7	Työntekijä / palkollinen	100%	ohjelmistokehittäjä (full-stack)	Noin 50/50 hybridimalli	3800	47500	Ei		
2/15/2021 12:37:54	PK-Seutu (Helsinki, Espoo, Vantaa)	31-35 v	mies	5	Työntekijä / palkollinen	100%	ohjelmistokehittäjä, full-stack	Pääosin tai kokonaan etätyö	3700	46250	Ei	Gofore	
2/15/2021 12:38:18	Tampere	31-35 v	mies	6	Työntekijä / palkollinen	80%	Ohjelmistokehittäjä	Noin 50/50 hybridimalli	2960	37000	Ei		
2/15/2021 12:39:06	Oulu	31-35 v	Mies	4	Työntekijä / palkollinen	100%	Ohjelmistokehittäjä (full-stack)	Noin 50/50 hybridimalli	5000	62000	Kyllä	Codemate	
2/15/2021 12:39:50	PK-Seutu (Helsinki, Espoo, Vantaa)	31-35 v	Mies	5	Työntekijä / palkollinen	100%	full-stack ohjelmistokehittäjä	Noin 50/50 hybridimalli	4230	53000	Kyllä		
2/15/2021 12:40:53	PK-Seutu (Helsinki, Espoo, Vantaa)	31-35 v	Mies	15	Työntekijä / palkollinen	100%	Full-stack, arkkitehti	Pääosin tai kokonaan toimistolla	6500	115000	Kyllä		
2/15/2021 12:41:20	PK-Seutu (Helsinki, Espoo, Vantaa)	36-40 v	mies	2	Työntekijä / palkollinen	100%	ohjelmistokehittäjä	Pääosin tai kokonaan toimistolla	4300		Kyllä	konsulttitalo	
2/15/2021 12:42:33	Turku	26-30 v	Mies	6	Työntekijä / palkollinen	100%	Pilviarkkitehti	Pääosin tai kokonaan etätyö	5700	82000	Kyllä		
2/15/2021 12:43:08	PK-Seutu (Helsinki, Espoo, Vantaa)	21-25 v	Mies	3	Työntekijä / palkollinen	100%	Ohjelmistokehittäjä	Pääosin tai kokonaan toimistolla	4150	51875	Kyllä		
2/15/2021 12:43:20	PK-Seutu (Helsinki, Espoo, Vantaa)	31-35 v	Mies	11	Työntekijä / palkollinen	100%	Arkkitehti	Pääosin tai kokonaan etätyö	4720	60000	Ei		
2/15/2021 12:43:58	Turku	31-35 v	Mies	13	Työntekijä / palkollinen	100%	Full-stack	Pääosin tai kokonaan etätyö	4500	56000	Kyllä		
2/15/2021 12:44:26	Tampere	41-45 v		23	Työntekijä / palkollinen	80%	arkkitehti, full-stack-kehittäjä	Pääosin tai kokonaan toimistolla	4275	68900	Kyllä		Työskentelen toimistolla, koska täällä ei ole ketään muita. Työnantajan puolesta voisin työskennellä myös kotoa.
2/15/2021 12:48:50	PK-Seutu (Helsinki, Espoo, Vantaa)	31-35 v	Mies	10	Yrittäjä	100%	CIO	Pääosin tai kokonaan etätyö	5000	62500	Ei		
2/15/2021 12:51:10	PK-Seutu (Helsinki, Espoo, Vantaa)	31-35 v	Mies	8	Työntekijä / palkollinen	100%	Senior Software Developer	Pääosin tai kokonaan toimistolla	5200	68000	Ei		
2/15/2021 12:52:03	Tampere	26-30 v	miäs	4	Työntekijä / palkollinen	100%	full-stack ohjelmistokehittäjä	Pääosin tai kokonaan etätyö	4200	52 000	Kyllä		
2/15/2021 12:53:09	PK-Seutu (Helsinki, Espoo, Vantaa)	36-40 v	Nainen	12	Työntekijä / palkollinen	100%	UX-suunnittelija	Pääosin tai kokonaan toimistolla	3800		Ei	Gofore	
2/15/2021 12:53:45	Tampere	31-35 v	mies	10	Työntekijä / palkollinen	100%	cloud specialist	Pääosin tai kokonaan etätyö	5200	65000	Kyllä	Gofore	
2/15/2021 12:55:36	Tampere	26-30 v	M	5	Työntekijä / palkollinen	100%	full-stack	Pääosin tai kokonaan etätyö	4000	48000	Ei		
2/15/2021 12:55:46	Tampere	26-30 v	Mies	8	Yrittäjä	100%	full-stack ohjelmistokehittäjä	Noin 50/50 hybridimalli		120000	Kyllä		
2/15/2021 12:56:04	Tampere	26-30 v	Mies	5	Työntekijä / palkollinen	100%	Full-stack devaaja, milloin mitäkin	Pääosin tai kokonaan etätyö	4200	58500	Kyllä	Futurice	
2/15/2021 12:56:48	PK-Seutu (Helsinki, Espoo, Vantaa)	36-40 v	Uros	15	Työntekijä / palkollinen	100%	full-stack	Pääosin tai kokonaan etätyö	7000	80000	Kyllä	Compile Oy	
2/15/2021 12:58:32	Tampere	31-35 v	Mies	11	Työntekijä / palkollinen	100%	Full-stack kehittäjä	Noin 50/50 hybridimalli	4350	54375			
2/15/2021 12:58:34	PK-Seutu (Helsinki, Espoo, Vantaa)	26-30 v	mies	5	Työntekijä / palkollinen	100%	devops guy	Noin 50/50 hybridimalli	4000	~62k	Kyllä	Gofore	
2/15/2021 12:59:48	PK-Seutu (Helsinki, Espoo, Vantaa)	31-35 v	nainen	10	Työntekijä / palkollinen	100%	ohjelmistokehittäjä, senior, full-stack	Pääosin tai kokonaan toimistolla	4600	57500	Kyllä	Gofore	
2/15/2021 13:00:46	Etelä-Karjala	36-40 v	Mies	15	Työntekijä / palkollinen	100%	Arkkitehti	Pääosin tai kokonaan etätyö	6200	78000	Kyllä		
2/15/2021 13:02:17	PK-Seutu (Helsinki, Espoo, Vantaa)	41-45 v	Mies	11	Työntekijä / palkollinen	100%	Cloud architext	Noin 50/50 hybridimalli	5800	75000	Kyllä		
2/15/2021 13:02:46	PK-Seutu (Helsinki, Espoo, Vantaa)	46-50 v	mies	20	Työntekijä / palkollinen	100%		Pääosin tai kokonaan etätyö	4500	54000	Ei		
2/15/2021 13:03:31	PK-Seutu (Helsinki, Espoo, Vantaa)	26-30 v	mies	2	Työntekijä / palkollinen	100%	Ohjelmistokehittäjä	Pääosin tai kokonaan etätyö	3500	43750	Ei	Gofore	
2/15/2021 13:06:30	PK-Seutu (Helsinki, Espoo, Vantaa)	26-30 v	nainen	2	Työntekijä / palkollinen	80%	ohjelmistokehittäjä	Pääosin tai kokonaan etätyö	2465	35000	Ei		
2/15/2021 13:07:31	PK-Seutu (Helsinki, Espoo, Vantaa)	36-40 v	Mies	12	Työntekijä / palkollinen	100%	Ohjelmistokehittäjä	Noin 50/50 hybridimalli	4200	52500	Ei		
2/15/2021 13:08:06	PK-Seutu (Helsinki, Espoo, Vantaa)	26-30 v	Mies	3	Työntekijä / palkollinen	100%	Testiautomaatiokonsultti	Pääosin tai kokonaan etätyö	4450	60000	Kyllä		
2/15/2021 13:08:07	Turku	31-35 v	Mies	10	Työntekijä / palkollinen	100%	full-stack	Noin 50/50 hybridimalli	4800	72000	Ei		
2/15/2021 13:13:22	Tampere	36-40 v	Mies	11	Työntekijä / palkollinen	100%	Ohjelmistokehittäjä, full-stack	Noin 50/50 hybridimalli	4250	53200	Ei		
2/15/2021 13:13:37	Tampere	36-40 v	Mies	9	Työntekijä / palkollinen	100%	Ohjelmistoarkkitehti	Pääosin tai kokonaan toimistolla	5300	67000	Kyllä		
2/15/2021 13:14:13	PK-Seutu (Helsinki, Espoo, Vantaa)	21-25 v	Mies	4	Työntekijä / palkollinen	100%	Full-stack kehittäjä	Pääosin tai kokonaan etätyö	4300	58000			
2/15/2021 13:14:16	PK-Seutu (Helsinki, Espoo, Vantaa)	26-30 v	Mies	3	Työntekijä / palkollinen	80%	Full-stack developer	Pääosin tai kokonaan toimistolla	3040		Kyllä		
2/15/2021 13:15:10	Turku	31-35 v	Mies	6	Työntekijä / palkollinen	100%	Full-stack	Pääosin tai kokonaan toimistolla	3900	54000	Kyllä		
2/15/2021 13:15:41	Tampere	41-45 v	Muu	19	Työntekijä / palkollinen	100%	Ohjelmistokehittäjä	Noin 50/50 hybridimalli	4500	56000	Ei		
2/15/2021 13:15:56	Tampere	26-30 v	Mies	3	Freelancer		Software Engineer	Pääosin tai kokonaan etätyö		125000	Kyllä		
2/15/2021 13:16:04	Turku	21-25 v	Mies	2	Työntekijä / palkollinen	100%	Ohjelmistokehittäjä	Pääosin tai kokonaan toimistolla	3350	44000	Kyllä		
2/15/2021 13:17:44	PK-Seutu (Helsinki, Espoo, Vantaa)	21-25 v	mies	2	Työntekijä / palkollinen	100%	Ohjelmistokehittäjä	Pääosin tai kokonaan etätyö	3300		Kyllä	Eficode	
2/15/2021 13:21:35	Turku	31-35 v	Mies	8	Työntekijä / palkollinen	100%	full-stack	Pääosin tai kokonaan toimistolla	5500	68000	Kyllä		
2/15/2021 13:22:10	PK-Seutu (Helsinki, Espoo, Vantaa)	26-30 v	mies	4	Työntekijä / palkollinen	100%	ohjelmistokehittäjä	Noin 50/50 hybridimalli	3970	48900	Kyllä	cgi	
2/15/2021 13:22:46	PK-Seutu (Helsinki, Espoo, Vantaa)	21-25 v	Mies	6	Työntekijä / palkollinen	100%	Senior software designer	Pääosin tai kokonaan toimistolla	5000	66000	Kyllä	Gofore	
2/15/2021 13:23:11	Turku	26-30 v	Mies	1	Työntekijä / palkollinen	100%	Full-stack developer	Pääosin tai kokonaan toimistolla	3160	40000	Ei		
2/15/2021 13:24:02		31-35 v	Mies	10	Työntekijä / palkollinen	100%	Johtaja	Noin 50/50 hybridimalli	6200	80000	Kyllä		
2/15/2021 13:25:32	PK-Seutu (Helsinki, Espoo, Vantaa)	26-30 v	mies	4	Työntekijä / palkollinen	100%	ohjelmistokehittäjä (full-stack) & rekrymarkkinointi	Pääosin tai kokonaan toimistolla	4100	51200	Kyllä		palkan lisäksi kompensaatioon kuuluu varsin runsas ja suomen it-alalla uniikki etupaketti. pelkkä palkka ei välttämättä ole kilpailukykyinen, mutta koko kompensaatio yleisesti työstäni on ehdottomasti kilpailukykyinen. 
2/15/2021 13:29:24	PK-Seutu (Helsinki, Espoo, Vantaa)	26-30 v	Mies	11	Työntekijä / palkollinen	100%	Full-stack dev konsultti	Pääosin tai kokonaan toimistolla	4850	60000	Kyllä		
2/15/2021 13:30:01	PK-Seutu (Helsinki, Espoo, Vantaa)	31-35 v		10	Työntekijä / palkollinen	100%	Full-stack	Noin 50/50 hybridimalli	6800	85000	Kyllä		
2/15/2021 13:30:27	Tampere	41-45 v	Mies	21	Työntekijä / palkollinen	100%	Arkkitehti	Noin 50/50 hybridimalli	6500	90000	Kyllä		
2/15/2021 13:30:30	Tampere	36-40 v	Mies	9	Työntekijä / palkollinen	100%	Ohjelmistokehittäjä	Pääosin tai kokonaan toimistolla	4150		Ei		
2/15/2021 13:30:39	PK-Seutu (Helsinki, Espoo, Vantaa)	46-50 v	mies	20	Työntekijä / palkollinen	100%	full-stack-kehittäjä, arkkitehti	Pääosin tai kokonaan toimistolla	6600	85000	Kyllä		
2/15/2021 13:34:11	PK-Seutu (Helsinki, Espoo, Vantaa)	31-35 v	mies	11	Työntekijä / palkollinen	100%	ohjelmistokehittäjä / -arkkitehti	Noin 50/50 hybridimalli	6000	75000	Kyllä	UpCloud	
2/15/2021 13:34:46	PK-Seutu (Helsinki, Espoo, Vantaa)	41-45 v	mies	25	Työntekijä / palkollinen	100%	seniori automaatio säätäjä	Noin 50/50 hybridimalli	5800	70000	Kyllä		
2/15/2021 13:45:44	PK-Seutu (Helsinki, Espoo, Vantaa)	31-35 v	Mies	7	Työntekijä / palkollinen	100%	ohjelmistkoehittäjä, full-stack	Pääosin tai kokonaan toimistolla	4700	58750	Ei		
2/15/2021 13:49:32	Jyväskylä	31-35 v	mies	10	Työntekijä / palkollinen	100%	Lead developer	Pääosin tai kokonaan etätyö	6200	77500	Kyllä		
2/15/2021 13:50:13	PK-Seutu (Helsinki, Espoo, Vantaa)	26-30 v	mies	4	Työntekijä / palkollinen	100%	Full-stack ohjelmistokehittäjä	Noin 50/50 hybridimalli	4800	65000	Kyllä		
2/15/2021 13:50:16	Tampere	36-40 v	mies	14	Työntekijä / palkollinen	100%	cloud specialist	Pääosin tai kokonaan toimistolla	4860	60 750	Kyllä	Gofore Oyj	
2/15/2021 13:52:10	PK-Seutu (Helsinki, Espoo, Vantaa)	31-35 v	m	12	Työntekijä / palkollinen	100%	Dev lead	Pääosin tai kokonaan toimistolla	5100	75000	Kyllä		
2/15/2021 13:55:05	PK-Seutu (Helsinki, Espoo, Vantaa)	31-35 v	Mies	7	Työntekijä / palkollinen	100%	Infra/pilvi/SRE	Pääosin tai kokonaan toimistolla	5500	68750	Ei	Startup	Rahapalkan päälle tulee vielä kohtuullinen optiopotti, mutta se toki on lähinnä arpalippu
2/15/2021 13:57:27	PK-Seutu (Helsinki, Espoo, Vantaa)	26-30 v	Mies	7	Työntekijä / palkollinen	100%	ohjelmistokehittäjä (full-stack)	Pääosin tai kokonaan toimistolla	5250	68000	Kyllä		
2/15/2021 13:57:59	Turku	21-25 v	Mies	1	Työntekijä / palkollinen	100%	QA testaaja, tuki	Pääosin tai kokonaan etätyö	2600	2600*12,5	Ei		
2/15/2021 13:58:16	PK-Seutu (Helsinki, Espoo, Vantaa)	31-35 v	Nainen	5	Työntekijä / palkollinen	100%	Ohjelmistokehittäjä (mobile)	Pääosin tai kokonaan etätyö	2000-3400	32600	Ei	Qvik	
2/15/2021 14:01:12	PK-Seutu (Helsinki, Espoo, Vantaa)	31-35 v	mies	7	Työntekijä / palkollinen	100%	ohjelmistokehittäjä	Pääosin tai kokonaan toimistolla	5800	72500	Ei		
2/15/2021 14:01:40	PK-Seutu (Helsinki, Espoo, Vantaa)	31-35 v	Mies	9	Työntekijä / palkollinen	100%	Ohjelmistokehittäjä	Noin 50/50 hybridimalli	5800	85000	Kyllä		
2/15/2021 14:05:02	Turku	36-40 v	Mies	11	Työntekijä / palkollinen	100%	Full stack ohjelmistokehittäjä	Pääosin tai kokonaan etätyö		~80000	Kyllä	Arado	Osittain laskutukseen perustuva palkka joten vaihtelee.
2/15/2021 14:06:36	PK-Seutu (Helsinki, Espoo, Vantaa)	31-35 v	Mies	16	Työntekijä / palkollinen	100%	Frontend, full-stack	Pääosin tai kokonaan toimistolla	4000	50000	Kyllä	Exove	
2/15/2021 14:09:17	PK-Seutu (Helsinki, Espoo, Vantaa)	36-40 v	M	15	Työntekijä / palkollinen	100%	Ohjelmistokehittäjä	Pääosin tai kokonaan toimistolla	6000		Kyllä		
2/15/2021 14:10:50	PK-Seutu (Helsinki, Espoo, Vantaa)	31-35 v	Mies	6	Työntekijä / palkollinen	100%	Mobiili	Pääosin tai kokonaan toimistolla	5300		Kyllä		
2/15/2021 14:15:41	PK-Seutu (Helsinki, Espoo, Vantaa)	26-30 v	Mies	2	Työntekijä / palkollinen	100%	Ohjelmistokehittäjä	Pääosin tai kokonaan toimistolla	3000	37500	Ei		
2/15/2021 14:19:09	PK-Seutu (Helsinki, Espoo, Vantaa)	26-30 v	mies	5	Työntekijä / palkollinen	100%	Ohjelmistokehittäjä	Noin 50/50 hybridimalli	4250	 	Kyllä		
2/15/2021 14:20:50	Oulu	31-35 v	Mies	12	Työntekijä / palkollinen	100%	Senior Fullstack Developer	Pääosin tai kokonaan etätyö	5500	70000	Kyllä		
2/15/2021 14:21:10	Turku	41-45 v	Mies	18	Työntekijä / palkollinen	100%	Arkkitehti	Pääosin tai kokonaan toimistolla	5500	70000	Kyllä		
2/15/2021 14:22:40	PK-Seutu (Helsinki, Espoo, Vantaa)	26-30 v	Mies	11	Työntekijä / palkollinen	100%	Senior Software Engineer	Pääosin tai kokonaan toimistolla	4500	59000	Kyllä	Verkkokauppa.com Oyj	
2/15/2021 14:24:32	PK-Seutu (Helsinki, Espoo, Vantaa)	36-40 v	Mies	7	Työntekijä / palkollinen	100%	Senior developer	Pääosin tai kokonaan etätyö	4750		Kyllä		
2/15/2021 14:25:31	Wien	31-35 v	Mies	12	Yrittäjä		Konsultoiva ohjelmistokehittäjä, kirjailija ja tapahtumanjärjestäjä	Pääosin tai kokonaan etätyö	1666	50000	Kyllä	SurviveJS Oy	
2/15/2021 14:25:52	PK-Seutu (Helsinki, Espoo, Vantaa)	36-40 v	Mies	13	Yrittäjä		Full-stack developer	Pääosin tai kokonaan etätyö		160000 (sis ALV 24%)	Kyllä		
2/15/2021 14:26:00	Tampere	31-35 v		10	Työntekijä / palkollinen	100%	Full-stack ohjelmistokehittäjä	Pääosin tai kokonaan toimistolla	4150	51875	Kyllä		
2/15/2021 14:26:58	Tampere	36-40 v	mies	11	Työntekijä / palkollinen	80%	full-stack	Pääosin tai kokonaan toimistolla	3360	42000	Ei		
2/15/2021 14:27:34	Oulu	31-35 v	mies	5	Työntekijä / palkollinen	100%	ohjelmistokehittäjä	Pääosin tai kokonaan etätyö	3200	42000	Ei	Bittium	
2/15/2021 14:29:26	Oulu	36-40 v	Mies	12	Työntekijä / palkollinen	100%	Mobile developer	Pääosin tai kokonaan etätyö	5040	66000	Kyllä		
2/15/2021 14:29:51	PK-Seutu (Helsinki, Espoo, Vantaa)	21-25 v		4	Työntekijä / palkollinen	100%	Cloud Specialist	Noin 50/50 hybridimalli	3800	47500			
2/15/2021 14:30:19	PK-Seutu (Helsinki, Espoo, Vantaa)	36-40 v	Mies	12	Työntekijä / palkollinen	100%	Arkkitehti	Pääosin tai kokonaan toimistolla	6,956€	86,950€	Kyllä		
2/15/2021 14:30:30	PK-Seutu (Helsinki, Espoo, Vantaa)	26-30 v	Mies	5	Työntekijä / palkollinen	100%	Frontend-ohjelmistokehittäjä (mobiili)	Pääosin tai kokonaan toimistolla	4000	53000		Qvik	
2/15/2021 14:32:08	PK-Seutu (Helsinki, Espoo, Vantaa)	41-45 v	mies	16	Työntekijä / palkollinen	100%	sr data scientist	Pääosin tai kokonaan toimistolla	5750	72000	Kyllä		
2/15/2021 14:32:40	Tampere	41-45 v	Mies	21	Työntekijä / palkollinen	100%	arkkitehti	Pääosin tai kokonaan etätyö	6300	79000	Ei		
2/15/2021 14:33:42	PK-Seutu (Helsinki, Espoo, Vantaa)	36-40 v	Mies	15	Työntekijä / palkollinen	100%	full-stack	Pääosin tai kokonaan toimistolla	6000	75000	Kyllä		
2/15/2021 14:36:18	Jyväskylä	26-30 v	mies	5	Työntekijä / palkollinen	100%	ohjelmistokehittäjä	Noin 50/50 hybridimalli	3264	40000	Ei		
2/15/2021 14:37:10	Tampere	36-40 v	Mies	9	Työntekijä / palkollinen	100%	DevSecOps specialist	Pääosin tai kokonaan toimistolla	5060	7500	Kyllä		
2/15/2021 14:38:38	PK-Seutu (Helsinki, Espoo, Vantaa)	36-40 v	M	10	Työntekijä / palkollinen	100%	Po	Pääosin tai kokonaan etätyö	5000	62000	Ei		
2/15/2021 14:40:59	Oulu	26-30 v	Mies	5	Työntekijä / palkollinen	100%	Scrum Master	Pääosin tai kokonaan toimistolla	4000	50000	Kyllä		
2/15/2021 14:44:20	PK-Seutu (Helsinki, Espoo, Vantaa)	31-35 v	Mies	13	Freelancer		full-stack kehittäjä	Pääosin tai kokonaan etätyö		186000 ALV24%	Kyllä		
2/15/2021 14:44:33	PK-Seutu (Helsinki, Espoo, Vantaa)	26-30 v	Mies	4	Työntekijä / palkollinen	100%	Mobiilikehittäjä	Pääosin tai kokonaan etätyö	4400	55000	Kyllä		
2/15/2021 14:45:29	PK-Seutu (Helsinki, Espoo, Vantaa)	41-45 v	mies	20	Yrittäjä	100%	cto	Pääosin tai kokonaan etätyö	5000	75000	Kyllä		
2/15/2021 14:46:11	PK-Seutu (Helsinki, Espoo, Vantaa)	36-40 v	mies	11	Freelancer	100%	ohjelmistokehittäjä	Pääosin tai kokonaan toimistolla		140000	Kyllä		
2/15/2021 14:50:02	Turku	31-35 v	Mies	10	Työntekijä / palkollinen	100%	DevOps	Pääosin tai kokonaan etätyö	3500	43750	Ei		
2/15/2021 14:52:45	Tampere	26-30 v	Mies	5	Freelancer	100%	 ohjelmistokehittäjä (full-stack, web)	Pääosin tai kokonaan etätyö		72000	Kyllä		
2/15/2021 14:56:33	PK-Seutu (Helsinki, Espoo, Vantaa)	36-40 v		16	Työntekijä / palkollinen	100%		Noin 50/50 hybridimalli	5900	79000			
2/15/2021 14:56:53	PK-Seutu (Helsinki, Espoo, Vantaa)	36-40 v	Mies	12	Työntekijä / palkollinen	80%	Full-stack	Pääosin tai kokonaan etätyö	4000	48000	Ei		
2/15/2021 14:58:35	PK-Seutu (Helsinki, Espoo, Vantaa)	26-30 v	mies	5	Työntekijä / palkollinen	100%	DevOps	Pääosin tai kokonaan toimistolla	4900	61250	Kyllä		
2/15/2021 15:00:21	PK-Seutu (Helsinki, Espoo, Vantaa)	41-45 v	Mies	20	Työntekijä / palkollinen	100%	Ohjelmistokehittäjä	Noin 50/50 hybridimalli	4000	54000	Ei		Olen osakkaana startupissa, 5% osuus on osa kokonaiskompensaatiota. Edellisessä työssä bruttopalkka oli 6000 euroa kuukaudessa.
2/15/2021 15:01:02	PK-Seutu (Helsinki, Espoo, Vantaa)	31-35 v		7	Työntekijä / palkollinen	100%	Ohjelmistokehittäjä	Pääosin tai kokonaan toimistolla	4888	6100	Kyllä	Valtio	
2/15/2021 15:01:24	PK-Seutu (Helsinki, Espoo, Vantaa)	26-30 v	mies	5	Työntekijä / palkollinen	100%		Noin 50/50 hybridimalli	3340	41750	Ei	Kela	
2/15/2021 15:04:02	PK-Seutu (Helsinki, Espoo, Vantaa)	31-35 v		7	Työntekijä / palkollinen	100%	full-stack kehittäjä	Pääosin tai kokonaan toimistolla	5500		Kyllä		
2/15/2021 15:08:27	Lontoo	21-25 v	Mies	0	Työntekijä / palkollinen	100%	Software Developer	Pääosin tai kokonaan toimistolla	5500	115000	Kyllä		Ilmaset kaffet, safkat, salit jne.
2/15/2021 15:09:02	PK-Seutu (Helsinki, Espoo, Vantaa)	31-35 v	M	10	Työntekijä / palkollinen	100%	backend, sysadmin, arkkitehti	Pääosin tai kokonaan toimistolla	4500	55000	Kyllä	Valtion omistama yritys	
2/15/2021 15:09:03	Jyväskylä	36-40 v	Mies	5	Työntekijä / palkollinen	100%	Web Developer	Pääosin tai kokonaan etätyö	3000		Ei	Digitoimisto Dude Oy	
2/15/2021 15:10:58	PK-Seutu (Helsinki, Espoo, Vantaa)	31-35 v	Mies	7	Työntekijä / palkollinen	100%	Full-stack dev	Pääosin tai kokonaan etätyö	4500	56250	Ei		startup, palkan lisäksi optiopaketti.
2/15/2021 15:18:45	PK-Seutu (Helsinki, Espoo, Vantaa)	41-45 v	Mies	21	Yrittäjä	100%	Arkkitehti	Pääosin tai kokonaan etätyö		180000	Kyllä		
2/15/2021 15:19:13	PK-Seutu (Helsinki, Espoo, Vantaa)	26-30 v		5	Työntekijä / palkollinen	100%		Pääosin tai kokonaan toimistolla	3600	45000	Ei		
2/15/2021 15:19:45	Turku	31-35 v	Mies	7	Työntekijä / palkollinen	100%		Pääosin tai kokonaan etätyö	3700	55000	Kyllä	Vincit	
2/15/2021 15:29:46	Turku	31-35 v	Mies	11	Työntekijä / palkollinen	100%	Full-stack ohjelmistokehittäjä	Noin 50/50 hybridimalli		75000	Kyllä	Arado	Palkka perustuu osittain laskutukseen, joten vuositulot vaihtelevat hieman.
2/15/2021 15:36:23	Tampere	41-45 v	Mies	20	Työntekijä / palkollinen	100%	Full-stack	Pääosin tai kokonaan etätyö	4700	59000	Kyllä		
2/15/2021 15:41:04	Tampere	26-30 v		8	Työntekijä / palkollinen	100%	Senior Frontend Developer	Pääosin tai kokonaan etätyö	6120	80000	Kyllä	Brella	Vuositulot pitää sisällään myös sivutoimisena tehtyä pientä laskutusta.
2/15/2021 15:41:35	Tampere	36-40 v	Mies	16	Työntekijä / palkollinen	100%	full-stack kehittäjä	Pääosin tai kokonaan toimistolla	4600	60000	Kyllä		
2/15/2021 15:43:50	PK-Seutu (Helsinki, Espoo, Vantaa)	36-40 v	Mies	16	Työntekijä / palkollinen	100%	Tekninen liidi	Pääosin tai kokonaan toimistolla	6300	85000	Kyllä		
2/15/2021 15:47:28	Oulu	36-40 v	Mies/se/hän	15	Työntekijä / palkollinen	100%	Product Owner	Pääosin tai kokonaan etätyö	6350	80000	Kyllä	Pankki	
2/15/2021 15:48:33	PK-Seutu (Helsinki, Espoo, Vantaa)	31-35 v	mies	10	Työntekijä / palkollinen	100%	full-stack	Pääosin tai kokonaan etätyö		80 500	Kyllä		
2/15/2021 15:50:32	Turku	31-35 v	mies	10	Työntekijä / palkollinen	100%	fullstack	Pääosin tai kokonaan etätyö	5200	67500	Kyllä		
2/15/2021 15:51:25	Kuopio	21-25 v		4	Yrittäjä	100%	full-stack	Pääosin tai kokonaan etätyö		62500	Ei		
2/15/2021 15:56:26	Jyväskylä	36-40 v	mies	12	Työntekijä / palkollinen	100%	Senior SW developer (fullstack)	Pääosin tai kokonaan etätyö	5100	64500	Kyllä		
2/15/2021 15:58:21	PK-Seutu (Helsinki, Espoo, Vantaa)	26-30 v	mies	3	Työntekijä / palkollinen	100%	Ohjelmistokehittäjä full-stack	Pääosin tai kokonaan toimistolla	3900	51500	Ei		
2/15/2021 16:00:43	PK-Seutu (Helsinki, Espoo, Vantaa)	36-40 v	m	15	Työntekijä / palkollinen	100%	ohjelmistokehittäjä, front + vähän back	Pääosin tai kokonaan toimistolla	4500	58000	Ei		
2/15/2021 16:04:53	PK-Seutu (Helsinki, Espoo, Vantaa)	26-30 v	mies	3	Työntekijä / palkollinen	100%	kooder	Pääosin tai kokonaan etätyö	4000	4000	Kyllä	hyvä työ	
2/15/2021 16:06:54	PK-Seutu (Helsinki, Espoo, Vantaa)	26-30 v	Nainen	4	Työntekijä / palkollinen	100%	Ohjelmistokehittäjä, full-stack	Pääosin tai kokonaan toimistolla	4000	52 000	Kyllä		
2/15/2021 16:07:11	PK-Seutu (Helsinki, Espoo, Vantaa)	26-30 v	nainen	2	Työntekijä / palkollinen	100%	full-stack developer konsultti	Pääosin tai kokonaan toimistolla	4000	54000	Kyllä	Columbia Road	
2/15/2021 16:14:09	Tampere	36-40 v	Mies	10	Työntekijä / palkollinen	100%	Vanhempi ohjelmistosuunnittelija, fullstack	Pääosin tai kokonaan toimistolla	4140	51750	Ei	Gofore	
2/15/2021 16:17:57	PK-Seutu (Helsinki, Espoo, Vantaa)	31-35 v	m	9	Työntekijä / palkollinen	100%	Lead developer	Pääosin tai kokonaan toimistolla	7200	250000	Kyllä		
2/15/2021 16:19:37	Tampere	41-45 v	Mies	20	Työntekijä / palkollinen	100%	Kehittäjä/arkkitehti	Pääosin tai kokonaan etätyö	7000		Kyllä		
2/15/2021 16:22:53	Tampere	31-35 v	Mies	10	Työntekijä / palkollinen	100%	Projektipäällikkö	Pääosin tai kokonaan etätyö	4300	54000	Ei		
2/15/2021 16:27:06	PK-Seutu (Helsinki, Espoo, Vantaa)	26-30 v	Mies	6	Työntekijä / palkollinen	100%	ohjelmistokehittäjä	Pääosin tai kokonaan toimistolla	4800	57600	Kyllä		
2/15/2021 16:32:00	PK-Seutu (Helsinki, Espoo, Vantaa)	26-30 v	Mies	7	Työntekijä / palkollinen	100%	Ohjelmistokehittäjä, web, front-end feat. full-stack	Noin 50/50 hybridimalli	4000	52500	Kyllä		
2/15/2021 16:57:14	PK-Seutu (Helsinki, Espoo, Vantaa)	36-40 v	[object Object]	13	Yrittäjä	100%	arkkitehti	Pääosin tai kokonaan etätyö	6000	85000	Kyllä		
2/15/2021 16:57:54	Tampere	31-35 v	Mies	11	Freelancer		Full-stack	Pääosin tai kokonaan etätyö		190000	Kyllä		
2/15/2021 16:59:36	Tampere	31-35 v	M	10	Työntekijä / palkollinen	100%	Full-stack kehittäjä	Noin 50/50 hybridimalli	4020	50200	Kyllä		
2/15/2021 17:03:51	PK-Seutu (Helsinki, Espoo, Vantaa)	31-35 v	M	4	Työntekijä / palkollinen	100%	DevOps	Pääosin tai kokonaan toimistolla	3700	46300	Kyllä		
2/15/2021 17:09:49	Turku	36-40 v	mies	13	Työntekijä / palkollinen	100%	full-stack/mobiili	Pääosin tai kokonaan etätyö	7000	~80000	Kyllä	Arado	
2/15/2021 17:16:59	PK-Seutu (Helsinki, Espoo, Vantaa)	26-30 v	Mies	7	Työntekijä / palkollinen	100%	Full-stack ohjelmistokehittäjä	Pääosin tai kokonaan toimistolla	5600	70000	Kyllä	Konsulttiyritys	
2/15/2021 17:49:08	PK-Seutu (Helsinki, Espoo, Vantaa)	36-40 v	Mies	13	Työntekijä / palkollinen	100%	Frontend	Noin 50/50 hybridimalli	6800		Kyllä		
2/15/2021 17:59:11	Tampere	31-35 v	Mies	13	Työntekijä / palkollinen	100%	Full-stack	Pääosin tai kokonaan toimistolla	4060	52000	Kyllä		
2/15/2021 18:03:06	Vaasa	31-35 v	Mies	11	Työntekijä / palkollinen	100%	ohjelmoija, backend, data, tekoäly 	Pääosin tai kokonaan etätyö	3600	45000	Kyllä		
2/15/2021 18:04:44	Turku	26-30 v	Mies	10	Työntekijä / palkollinen	80%	CTO	Pääosin tai kokonaan etätyö	4300	56000	Kyllä		
2/15/2021 18:22:48		36-40 v	M	12	Työntekijä / palkollinen	100%	DevOps	Pääosin tai kokonaan toimistolla	5600	67000	Kyllä		
2/15/2021 18:33:14	Tampere	26-30 v	Mies	3	Työntekijä / palkollinen	100%	Tech Lead, arkkitehti, DevOps, full-stack, perus konsultti	Pääosin tai kokonaan etätyö	4000	52000	Ei		
2/15/2021 18:47:38	PK-Seutu (Helsinki, Espoo, Vantaa)	41-45 v	mies	22	Työntekijä / palkollinen	80%	tekninen suunnittelija / full-stack	Pääosin tai kokonaan etätyö	3000	37500	Ei		
2/15/2021 18:49:31	PK-Seutu (Helsinki, Espoo, Vantaa)	26-30 v	Mies	4	Freelancer	100%	Full-stack / Scrum Master	Pääosin tai kokonaan etätyö		150000	Kyllä		
2/15/2021 19:18:44	PK-Seutu (Helsinki, Espoo, Vantaa)	31-35 v	M	11	Työntekijä / palkollinen	100%	Ohjelmistokehittäjä	Pääosin tai kokonaan toimistolla	5000	62500	Kyllä		
2/15/2021 19:20:57	Tampere	26-30 v	Mies	5	Työntekijä / palkollinen	100%	Full-stack	Pääosin tai kokonaan toimistolla	3400	42500	Ei		
2/15/2021 19:21:28	PK-Seutu (Helsinki, Espoo, Vantaa)	41-45 v	Mies	20	Freelancer	100%	Full stack	Noin 50/50 hybridimalli		137800	Kyllä		
2/15/2021 19:23:11	PK-Seutu (Helsinki, Espoo, Vantaa)	31-35 v	Mies	7	Työntekijä / palkollinen	80%	Ohjelmistokehittäjä	Noin 50/50 hybridimalli	4800	60000	Kyllä		
2/15/2021 19:24:55	PK-Seutu (Helsinki, Espoo, Vantaa)	26-30 v	Mies	5	Työntekijä / palkollinen	100%	Developer	Noin 50/50 hybridimalli	3900	50700	Kyllä		
2/15/2021 19:27:04	PK-Seutu (Helsinki, Espoo, Vantaa)	31-35 v	Mies	8	Työntekijä / palkollinen	100%	Drupal Developer	Pääosin tai kokonaan etätyö	3750	47000	Ei		
2/15/2021 19:27:55	PK-Seutu (Helsinki, Espoo, Vantaa)	26-30 v		10	Työntekijä / palkollinen	100%	Ohjelmistokehittäjä	Pääosin tai kokonaan toimistolla	6000		Kyllä		
2/15/2021 19:35:22	Tampere	36-40 v	äiä	15	Työntekijä / palkollinen	100%	developer	Pääosin tai kokonaan etätyö	4900		Kyllä		saispa lisää liksaa
2/15/2021 19:41:45	PK-Seutu (Helsinki, Espoo, Vantaa)	36-40 v		14	Työntekijä / palkollinen	100%	Tekki manageri	Noin 50/50 hybridimalli	6250	78125	Kyllä		
2/15/2021 19:54:11	PK-Seutu (Helsinki, Espoo, Vantaa)	31-35 v	Mies	9	Työntekijä / palkollinen	100%	Lead Developer	Pääosin tai kokonaan toimistolla	5100		Ei	UseLess	Startup
2/15/2021 20:05:12	Tampere	36-40 v	mies	13	Työntekijä / palkollinen	100%	full-stack	Pääosin tai kokonaan toimistolla	4700	67200	Kyllä		
2/15/2021 20:23:56	PK-Seutu (Helsinki, Espoo, Vantaa)	26-30 v	mies	3	Työntekijä / palkollinen	100%	full-stack	Noin 50/50 hybridimalli	3600	47000	Kyllä	Fraktio	
2/15/2021 20:28:22	PK-Seutu (Helsinki, Espoo, Vantaa)	26-30 v	mies	8	Työntekijä / palkollinen	100%	Senior developer	Noin 50/50 hybridimalli	4800	64000	Ei		
2/15/2021 20:53:45	PK-Seutu (Helsinki, Espoo, Vantaa)	51-55 v	mies	20	Työntekijä / palkollinen	100%	ohjelmoija	Pääosin tai kokonaan etätyö	6000	76000	Ei		
2/15/2021 20:54:41	Joensuu	41-45 v		13	Työntekijä / palkollinen	100%		Pääosin tai kokonaan etätyö	5500	68750	Kyllä		
2/15/2021 20:57:06	PK-Seutu (Helsinki, Espoo, Vantaa)	31-35 v	Mies	1	Työntekijä / palkollinen	100%	Frontend	Pääosin tai kokonaan etätyö	3100				
2/15/2021 21:03:42	PK-Seutu (Helsinki, Espoo, Vantaa)	31-35 v	Mies	9	Työntekijä / palkollinen	100%	full-stack	Pääosin tai kokonaan toimistolla	5200	65000	Ei		
2/15/2021 21:12:32	PK-Seutu (Helsinki, Espoo, Vantaa)	26-30 v	Mies	8	Työntekijä / palkollinen	100%	Team Lead		6000	75000	Kyllä		+ merkittävä optiopaketti
2/15/2021 21:14:45	Oulu	36-40 v	Mies	13	Freelancer	80%	Fronttikoodari	Pääosin tai kokonaan etätyö		110000	Kyllä		
2/15/2021 21:18:57	Oulu	41-45 v	mies	3	Työntekijä / palkollinen	100%	frontend developer	Pääosin tai kokonaan toimistolla	3800	47500	Kyllä		
2/15/2021 21:37:52	PK-Seutu (Helsinki, Espoo, Vantaa)	41-45 v	Mies	20	Työntekijä / palkollinen	100%	Tech Lead	Noin 50/50 hybridimalli	6000	85000	Kyllä		
2/16/2021 0:00:50	Tampere	36-40 v	Mies	13	Työntekijä / palkollinen	100%	Ohjelmistokehittäjä	Pääosin tai kokonaan toimistolla	4400	55000	Ei		
2/16/2021 7:02:06	Oulu	41-45 v	mies	20	Työntekijä / palkollinen	100%	lead developer	Pääosin tai kokonaan etätyö	7500	93750	Kyllä		
2/16/2021 8:40:13	PK-Seutu (Helsinki, Espoo, Vantaa)	36-40 v	Mies	12	Työntekijä / palkollinen	100%	UI-Suunnittelija / Frontti kehittäjä	Noin 50/50 hybridimalli		90000	Kyllä	Siili	
2/16/2021 8:41:05	PK-Seutu (Helsinki, Espoo, Vantaa)	26-30 v	nainen	5	Työntekijä / palkollinen	100%	ohjelmistokehittäjä (full-stack)	Noin 50/50 hybridimalli	4100	51000	Kyllä		
2/16/2021 8:43:50	PK-Seutu (Helsinki, Espoo, Vantaa)	26-30 v	Mies	5	Työntekijä / palkollinen	100%	Ohjelmisto kehittäjä	Pääosin tai kokonaan toimistolla	3590	44875	Ei		
2/16/2021 9:10:04	Tampere	26-30 v	Mies	5	Työntekijä / palkollinen	100%	Ohjelmistokehittäjä (frontend)	Pääosin tai kokonaan toimistolla	3300	49000	Ei	Vincit	
2/16/2021 9:46:39	PK-Seutu (Helsinki, Espoo, Vantaa)	31-35 v	nainen	13	Työntekijä / palkollinen	100%	Chief Experience Officer	Pääosin tai kokonaan etätyö	6000	75000	Ei	Fraktio	Johtajasopimus, ei työaikaa
2/16/2021 10:00:43	PK-Seutu (Helsinki, Espoo, Vantaa)	31-35 v	Mies	7	Työntekijä / palkollinen	100%	Full-stack	Pääosin tai kokonaan toimistolla	4200	55000	Kyllä	Fraktio	
2/16/2021 10:42:03	PK-Seutu (Helsinki, Espoo, Vantaa)	26-30 v	Mies	5	Työntekijä / palkollinen	100%	frontend	Noin 50/50 hybridimalli	4500	58000	Kyllä		
2/16/2021 10:43:56	Tampere	31-35 v	Mies	11	Työntekijä / palkollinen	100%	Koodaava projektipäällikkö	Pääosin tai kokonaan toimistolla	4250	55000	Kyllä	Gofore Oyj	
2/16/2021 10:44:28	Oulu	31-35 v		10	Työntekijä / palkollinen	100%		Pääosin tai kokonaan toimistolla	4000		Kyllä		
2/16/2021 10:48:21	Tampere	36-40 v	Mies	16	Työntekijä / palkollinen	100%	Arkkitehti	Pääosin tai kokonaan etätyö	4450	55000	Ei	Almamedia Partners	
2/16/2021 10:50:57	PK-Seutu (Helsinki, Espoo, Vantaa)	26-30 v	Mies	5	Työntekijä / palkollinen	100%	Tech lead	Pääosin tai kokonaan etätyö	5200	65000	Ei		
2/16/2021 11:25:43	Turku	21-25 v	Mies	2	Työntekijä / palkollinen	100%	Full-stack	Pääosin tai kokonaan toimistolla	2850	38 400	Kyllä		
2/16/2021 11:47:29	PK-Seutu (Helsinki, Espoo, Vantaa)	31-35 v	Nainen	2	Työntekijä / palkollinen	100%	ohjelmistokehittäjä	Pääosin tai kokonaan toimistolla	3000	40478	Kyllä	Academic Work	
2/16/2021 12:11:35	PK-Seutu (Helsinki, Espoo, Vantaa)	26-30 v	Mies	5	Freelancer	100%	Fullstack kehittäjä	Pääosin tai kokonaan etätyö		130 000€	Kyllä		
2/16/2021 13:07:13	Jyväskylä	41-45 v	Mies	21	Työntekijä / palkollinen	100%	Data scientist	Pääosin tai kokonaan toimistolla	4500	57000	Kyllä		
2/16/2021 13:11:57	PK-Seutu (Helsinki, Espoo, Vantaa)	31-35 v	nainen	20	Työntekijä / palkollinen	100%	asiantuntija	Pääosin tai kokonaan toimistolla	3600	45000	Kyllä		
2/16/2021 13:19:08	Tampere	36-40 v	Mies	12	Työntekijä / palkollinen	100%	full-stack ohjelmistokehittäjä	Pääosin tai kokonaan etätyö	4800	60000	Kyllä	Gofore	
2/16/2021 13:47:10	PK-Seutu (Helsinki, Espoo, Vantaa)	31-35 v	Mies	10	Työntekijä / palkollinen	100%	Full-Stack kehittäjä + projektinvetovastuuta	Pääosin tai kokonaan etätyö	5700	76000	Kyllä	Columbia Road Oy	
2/16/2021 14:02:54	PK-Seutu (Helsinki, Espoo, Vantaa)	36-40 v	Mies	15	Yrittäjä		Ohjelmistoyrittäjä	Noin 50/50 hybridimalli	7000	100 000	Ei	Oma firma	Vastasin kysymyksiin läpällä. Summat on enemmän sitä minkä verran yrittäjänä haluaa sykkiä ja mennä "raha edellä". 
2/16/2021 15:04:16	Turku	26-30 v	Mies	6	Työntekijä / palkollinen	100%	Ohjelmistokehittäjä	Noin 50/50 hybridimalli	3600	52000	Kyllä		
2/16/2021 15:55:17	PK-Seutu (Helsinki, Espoo, Vantaa)	26-30 v	mies	12	Yrittäjä	100%	Suurarkkitehti	Noin 50/50 hybridimalli	7000		Ei		
2/16/2021 16:35:22	Tampere	26-30 v	Mies	9	Työntekijä / palkollinen	100%	Arkkitehti	Pääosin tai kokonaan etätyö	5000	67500	Kyllä		
2/16/2021 17:20:53	PK-Seutu (Helsinki, Espoo, Vantaa)	31-35 v	Mies	14	Työntekijä / palkollinen	100%	Lead Developer	Pääosin tai kokonaan toimistolla	7000	91000	Kyllä	Pankki	
2/16/2021 17:23:13	PK-Seutu (Helsinki, Espoo, Vantaa)	31-35 v	Mies	2	Työntekijä / palkollinen	80%	ohjelmistokehittäjä	Noin 50/50 hybridimalli	2500		Kyllä		
2/16/2021 17:39:05	Europe	46-50 v	Mies	23	Freelancer	80%	Solution Architect	Noin 50/50 hybridimalli	6000	130000	Kyllä		
2/16/2021 17:51:24	PK-Seutu (Helsinki, Espoo, Vantaa)	31-35 v	Mies	7	Työntekijä / palkollinen	100%	ohjelmistokehittäjä (frontend)	Pääosin tai kokonaan etätyö	5100	61200	Kyllä		
2/16/2021 18:16:58	PK-Seutu (Helsinki, Espoo, Vantaa)	26-30 v	Mies	5	Työntekijä / palkollinen	100%	full-stack + projektivastuuta	Noin 50/50 hybridimalli	5300	66250	Kyllä		
2/16/2021 18:40:42		36-40 v	M	14	Työntekijä / palkollinen	100%	Lead developer (full stack)		4000	50000	Ei	Gofore	
2/16/2021 19:55:32	PK-Seutu (Helsinki, Espoo, Vantaa)	36-40 v	MIES	15	Työntekijä / palkollinen	100%	arkkitehti	Noin 50/50 hybridimalli	5500	68750	Kyllä		
2/16/2021 21:21:39	PK-Seutu (Helsinki, Espoo, Vantaa)	41-45 v	mies	15	Työntekijä / palkollinen	100%	ohjelmistoarkkitehti	Pääosin tai kokonaan toimistolla	6100		Kyllä		
2/16/2021 21:22:37	Tampere	41-45 v	mies	16	Työntekijä / palkollinen	100%	arkkitehti	Pääosin tai kokonaan toimistolla	5900	80000	Ei		
2/16/2021 21:32:07	PK-Seutu (Helsinki, Espoo, Vantaa)	41-45 v	Uros	15	Työntekijä / palkollinen	100%	Rails / Raspberry / Android 	Noin 50/50 hybridimalli	5065	63312.5	Kyllä		
2/16/2021 21:34:00	Tampere	31-35 v	Mies	13	Työntekijä / palkollinen	100%	Full-stack / arkkitehti / tekninen myynti	Pääosin tai kokonaan toimistolla	5168	75000	Ei	Vincit	
2/16/2021 21:34:32	PK-Seutu (Helsinki, Espoo, Vantaa)	41-45 v	mies	20	Työntekijä / palkollinen	100%	arkkitehti	Pääosin tai kokonaan etätyö	5700	85000	Kyllä		Korona-aika on lisännyt etätyön määrää. Aiemmin pari päivää viikossa etänä, nyt kokonaan. Paluuta vanhaan ei varmaankaan ole, ehkä päivä viikossa konttorilla ihan sosiaalisten kontaktien takia.
2/16/2021 23:00:44	PK-Seutu (Helsinki, Espoo, Vantaa)	31-35 v	Mies	8	Työntekijä / palkollinen	100%	Senior Software Engineer	Pääosin tai kokonaan etätyö	8000	104000	Kyllä	Mirantis	
2/16/2021 23:54:54	PK-Seutu (Helsinki, Espoo, Vantaa)	36-40 v	Mies	13	Työntekijä / palkollinen	100%	Full-stack koodari	Noin 50/50 hybridimalli	6800	91000	Kyllä		
2/17/2021 7:58:53	PK-Seutu (Helsinki, Espoo, Vantaa)	26-30 v	Mies	4	Työntekijä / palkollinen	100%	Front-end / full-stack ohjelmistokehittäjä	Pääosin tai kokonaan toimistolla	4050	52000	Kyllä		
2/17/2021 8:30:45	Oulu	51-55 v	mies	25	Työntekijä / palkollinen	100%	projektipäällikkö	Pääosin tai kokonaan etätyö	6000	80000	Kyllä		
2/17/2021 8:46:57	Tampere	41-45 v	M	20	Freelancer		Full-stack, backend painotuksella	Pääosin tai kokonaan toimistolla		130000	Kyllä		
2/17/2021 9:31:16	PK-Seutu (Helsinki, Espoo, Vantaa)	26-30 v	nainen	2	Työntekijä / palkollinen	100%	ohjelmistokehittäjä (frontend)	Noin 50/50 hybridimalli	3200		Kyllä		
2/17/2021 9:50:27	PK-Seutu (Helsinki, Espoo, Vantaa)	31-35 v	mies	11	Työntekijä / palkollinen	100%	devops-konsultti	Pääosin tai kokonaan toimistolla	6200	77500	Kyllä		
2/17/2021 10:46:07	Tampere	21-25 v	Nainen	3	Työntekijä / palkollinen	100%	Asiantuntija	Pääosin tai kokonaan etätyö	3000	38000	Ei		
2/17/2021 14:09:29	PK-Seutu (Helsinki, Espoo, Vantaa)	21-25 v	mies	1	Työntekijä / palkollinen	100%	full-stack	Pääosin tai kokonaan toimistolla	2800	36300	Kyllä		
2/17/2021 17:44:00	PK-Seutu (Helsinki, Espoo, Vantaa)	26-30 v	Nainen	4	Työntekijä / palkollinen	100%	Software Developer	Pääosin tai kokonaan etätyö	4080	51000	Ei		
2/17/2021 20:51:31	Turku	26-30 v	Mies	4	Työntekijä / palkollinen	100%	Full-stack	Pääosin tai kokonaan etätyö	8000	98000	Kyllä		
2/18/2021 0:49:57	PK-Seutu (Helsinki, Espoo, Vantaa)	31-35 v	Mies	2	Työntekijä / palkollinen	100%	Full-stack	Pääosin tai kokonaan etätyö	3200	40000	Ei	Konsulttiputka	
2/18/2021 10:05:57	PK-Seutu (Helsinki, Espoo, Vantaa)	31-35 v	Mies	6	Työntekijä / palkollinen	100%	full-stack	Pääosin tai kokonaan toimistolla	4200		Kyllä	Siili solutions	
2/18/2021 11:26:34	Tampere	26-30 v	Mies	5	Työntekijä / palkollinen	80%	Ohjelmistokehittäjä, backend	Noin 50/50 hybridimalli	3000	37500	Ei		
2/18/2021 19:58:19	Tampere	31-35 v	Mies	9	Yrittäjä	100%	founderi, ohjelmistoinsinööri	Noin 50/50 hybridimalli	3500	42000	Ei		
2/18/2021 20:20:16	Turku	31-35 v	Mies	7	Työntekijä / palkollinen	100%	Ohjelmistokehittäjä / -konsultti (frontend)	Pääosin tai kokonaan etätyö	5000	62500	Kyllä	Houston Inc.	Ei sinänsä liity suoraan palkkoihin, mutta olisi mielenkiintoista tietää miten palkka vaikuttaa työpaikan vaihtoon. Eli esim. Oletko vaihtanut/vaihtamassa/miettinyt vaihtamista, koska toisaalla maksetaan enemmän?
2/18/2021 20:31:31	PK-Seutu (Helsinki, Espoo, Vantaa)	26-30 v	Nainen	4	Työntekijä / palkollinen	100%	Junior frontend engineer	Noin 50/50 hybridimalli	4000		Kyllä		
2/18/2021 20:48:26	PK-Seutu (Helsinki, Espoo, Vantaa)	31-35 v	Mies	7	Työntekijä / palkollinen	100%	Full stack	Pääosin tai kokonaan etätyö	4000		Kyllä		
2/18/2021 22:19:32	PK-Seutu (Helsinki, Espoo, Vantaa)	21-25 v	Mies	5	Työntekijä / palkollinen	80%	Koodi Ukkelli	Noin 50/50 hybridimalli	3750	48000	Ei	Kaverin firma. Hyväntekeväisyyttä tälläsel alle neljän kilon palkoil mutta sentään on periantai kaliat aina viriman piikkii räh kjäh	
2/18/2021 22:28:25	PK-Seutu (Helsinki, Espoo, Vantaa)	36-40 v	Mies	13	Yrittäjä	100%	full-stack + firman pyöritykseen liittyvää	Pääosin tai kokonaan etätyö	5000	70000	Kyllä	Pieni tuotetalo	
2/19/2021 8:22:20	Tampere	26-30 v	Taisteluhelikopteri	7	Työntekijä / palkollinen	100%	Ohejlmistokehittäjä (full-stack)	Pääosin tai kokonaan toimistolla	4200	54 000	Kyllä		
2/19/2021 9:18:23	PK-Seutu (Helsinki, Espoo, Vantaa)	41-45 v	Mies	20	Freelancer		Full-stack	Pääosin tai kokonaan etätyö		110000			
2/19/2021 10:47:04	PK-Seutu (Helsinki, Espoo, Vantaa)	31-35 v	Mies	9	Työntekijä / palkollinen	100%	Full stack developer	Pääosin tai kokonaan toimistolla	5400	70000	Kyllä		
2/19/2021 10:47:33	PK-Seutu (Helsinki, Espoo, Vantaa)	41-45 v	Male	20	Työntekijä / palkollinen	100%	ohjelmistotestaus	Pääosin tai kokonaan etätyö	4500	72520	Kyllä	en halua	olen sekä päivätyöläinen että friikku. jospa nyt kuitenki vois valita monta?
2/19/2021 10:47:38	PK-Seutu (Helsinki, Espoo, Vantaa)	26-30 v	Mies	4	Freelancer	100%	Cloud	Pääosin tai kokonaan etätyö		95000	Kyllä		
2/19/2021 10:47:50	PK-Seutu (Helsinki, Espoo, Vantaa)	31-35 v	mies	6	Työntekijä / palkollinen	100%	lead dev	Pääosin tai kokonaan toimistolla	5800	73000	Kyllä	F-Secure	
2/19/2021 10:47:55	Tampere	26-30 v	Mies	5	Työntekijä / palkollinen	100%	Lead Developer	Pääosin tai kokonaan toimistolla	4200	55000	Kyllä	Vincit	Ihan OK. Edut myös kovat.
2/19/2021 10:47:58	PK-Seutu (Helsinki, Espoo, Vantaa)	31-35 v	mies	4	Työntekijä / palkollinen	100%	Ohjelmistokehittäjä	Pääosin tai kokonaan toimistolla	4000	50000	Ei		
2/19/2021 10:48:00	PK-Seutu (Helsinki, Espoo, Vantaa)	26-30 v	Mies	3	Työntekijä / palkollinen	100%	Front-end	Pääosin tai kokonaan etätyö	4300	53750	Kyllä		
2/19/2021 10:48:07	PK-Seutu (Helsinki, Espoo, Vantaa)	31-35 v	Mies	4	Työntekijä / palkollinen	100%	Ohjelmistokehittäjä	Pääosin tai kokonaan etätyö	5900	73750	Kyllä		
2/19/2021 10:48:17	Turku	21-25 v	Mies	3	Työntekijä / palkollinen	100%	Software Engineer	Pääosin tai kokonaan toimistolla	4000	54000	Kyllä	Vincit	
2/19/2021 10:48:32	PK-Seutu (Helsinki, Espoo, Vantaa)	36-40 v	Mies	13	Työntekijä / palkollinen	100%	full-stack	Pääosin tai kokonaan etätyö	4850	63000	Kyllä	Zure Oy	
2/19/2021 10:48:52	PK-Seutu (Helsinki, Espoo, Vantaa)	26-30 v	Mies	1	Työntekijä / palkollinen	100%	Mobile developer	Pääosin tai kokonaan etätyö	2600	45000	Kyllä		
2/19/2021 10:48:52	Jyväskylä	26-30 v	Mies	5	Työntekijä / palkollinen	100%	Ohjelmistokehittäjä (frontend + mobiili)	Pääosin tai kokonaan etätyö	4500	56250	Kyllä		
2/19/2021 10:48:53	Turku	31-35 v	Mies	6	Työntekijä / palkollinen	100%	Full-stack + devops + risat	Pääosin tai kokonaan etätyö	4100	62000	Kyllä		
2/19/2021 10:48:57	Lahti	26-30 v	Mies	8	Työntekijä / palkollinen	100%	Senior frontend developer	Pääosin tai kokonaan etätyö	4800	62000	Kyllä		
2/19/2021 10:48:59	Turku	21-25 v	nainen	3	Työntekijä / palkollinen	100%	fullstack	Pääosin tai kokonaan etätyö	3750	46875			
2/19/2021 10:49:26	Kouvola	26-30 v	Mies	1	Työntekijä / palkollinen	100%	Full-stack	Pääosin tai kokonaan etätyö	2820	35250	Ei	Telia Cygate Oy	
2/19/2021 10:49:40	PK-Seutu (Helsinki, Espoo, Vantaa)	26-30 v	Mies	6	Työntekijä / palkollinen	100%	Engineering team lead	Pääosin tai kokonaan etätyö	6500	78000 + optiot			
2/19/2021 10:49:41	Tampere	31-35 v	Nainen	1	Työntekijä / palkollinen	100%	Ohjelmistokehittäjä (frontend)	Pääosin tai kokonaan etätyö	2275	30000	Ei		
2/19/2021 10:49:48	Tampere	36-40 v		14	Työntekijä / palkollinen	100%	Back-end enimmäkseen, mutta pieni organisaatio niin kaikkea	Pääosin tai kokonaan etätyö	5236	65450	Kyllä		
2/19/2021 10:49:54	Jyväskylä	31-35 v		8	Työntekijä / palkollinen	100%	kehittäjä	Noin 50/50 hybridimalli	3800	47500	Ei	Geniem	
2/19/2021 10:50:06	Turku	36-40 v	Mies	12	Työntekijä / palkollinen	100%	Solution Developer	Pääosin tai kokonaan toimistolla	4747	62000	Kyllä	If	
2/19/2021 10:50:32	PK-Seutu (Helsinki, Espoo, Vantaa)	41-45 v	mies	24	Työntekijä / palkollinen	70%	Full stack dev/cto	Pääosin tai kokonaan etätyö	3200	40 000	Kyllä		
2/19/2021 10:50:37	PK-Seutu (Helsinki, Espoo, Vantaa)	36-40 v	Mies	8	Työntekijä / palkollinen	100%	Full-stack 	Pääosin tai kokonaan toimistolla	4400	55000	Ei	Reaktor	
2/19/2021 10:50:39	PK-Seutu (Helsinki, Espoo, Vantaa)	26-30 v	mies	1	Työntekijä / palkollinen	100%	sovelluskehitysharjoittelija	Pääosin tai kokonaan etätyö	1800		Ei	julkinen sektori	
2/19/2021 10:50:42	Tampere	36-40 v	Mies	6	Työntekijä / palkollinen	100%	ohjelmistokehittäjä	Pääosin tai kokonaan toimistolla	3950	49375	Ei		
2/19/2021 10:51:12	Tampere	26-30 v	Mies	3	Työntekijä / palkollinen	100%	Full-stack kehittäjä, rekrytointi, projektipäällikkö	Pääosin tai kokonaan etätyö	3410	42625	Kyllä	Futurice	
2/19/2021 10:51:14	Hämeenlinna	21-25 v	Mies	4	Työntekijä / palkollinen	100%	frontend ohjelmistokehittäjä	Pääosin tai kokonaan toimistolla	2800	35000	Kyllä		
2/19/2021 10:51:15	Oulu	36-40 v		13	Työntekijä / palkollinen	100%	Frontend	Pääosin tai kokonaan etätyö	3500		Kyllä		
2/19/2021 10:51:32	PK-Seutu (Helsinki, Espoo, Vantaa)	31-35 v	mies	7	Työntekijä / palkollinen	100%	ohjelmistokehittäjä	Pääosin tai kokonaan toimistolla	4900	61250	Ei		
2/19/2021 10:51:42	Turku	41-45 v	mies	15	Työntekijä / palkollinen	100%	Team lead / front&backend	Pääosin tai kokonaan etätyö	3725	44700	Ei		
2/19/2021 10:51:44	Tampere	41-45 v	mies	13	Työntekijä / palkollinen	100%	Senior developer, tech lead	Pääosin tai kokonaan toimistolla	4100	51250	Ei		
2/19/2021 10:51:45	Kuopio	41-45 v	Mies	2	Työntekijä / palkollinen	100%	Fronttidevaaja	Noin 50/50 hybridimalli	2900		Kyllä	Kiho	
2/19/2021 10:52:09	Oulu	31-35 v	Mies	0	Työntekijä / palkollinen	100%	Ohjelmistokehittäjä 	Noin 50/50 hybridimalli	2300	30000	Kyllä		
2/19/2021 10:52:19	PK-Seutu (Helsinki, Espoo, Vantaa)	26-30 v	Mies	5	Työntekijä / palkollinen	100%	full-stack	Pääosin tai kokonaan etätyö	3700	46250	Ei	Evermade	
2/19/2021 10:52:52	Tampere	31-35 v	Mies	11	Freelancer	100%	Frontend/full-stack	Pääosin tai kokonaan etätyö		140000	Kyllä		
2/19/2021 10:52:55	Turku	21-25 v	Mies	2	Työntekijä / palkollinen	60%	Developer	Pääosin tai kokonaan etätyö	2100	29400	Kyllä		
2/19/2021 10:53:08	Tampere	26-30 v	Mies	5	Työntekijä / palkollinen	100%	Full-stack	Noin 50/50 hybridimalli	4100	51000	Ei		
2/19/2021 10:53:22	Tampere	41-45 v	Mies	22	Yrittäjä		ohjelmistokehittäjä	Noin 50/50 hybridimalli		130000	Kyllä		
2/19/2021 10:53:36	Turku	21-25 v	Mies	1	Työntekijä / palkollinen	50%	frontend	Noin 50/50 hybridimalli	2600	20000	Kyllä		Työskentelen opintojen ohella, ensimmäisessä frontend devaajan työssä. Olen opiskellut reilu 2 vuotta yliopistossa. Palkkani on mielestäni nyt ihan ok, mutta tarkoituksena nostaa sitä 3000e /kk loppukesään mennessä. 
2/19/2021 10:53:46	PK-Seutu (Helsinki, Espoo, Vantaa)	26-30 v	Mies	2	Työntekijä / palkollinen	100%	full-stack	Pääosin tai kokonaan etätyö	3200	40000	Kyllä		
2/19/2021 10:53:51	PK-Seutu (Helsinki, Espoo, Vantaa)	46-50 v	mies	20	Työntekijä / palkollinen	100%	ohjelmistokehittäjä, datainsinööri	Noin 50/50 hybridimalli	4600	60000		KVTES-alainen kunnan omistama oy 	palkan lisänä lounas- ja virkistysetu
2/19/2021 10:54:20	Tampere	31-35 v	mies	10	Työntekijä / palkollinen	100%	arkkitehti	Pääosin tai kokonaan toimistolla	5000	62500	Ei		
2/19/2021 10:54:27	PK-Seutu (Helsinki, Espoo, Vantaa)	31-35 v	Mies	15	Työntekijä / palkollinen	100%	Lead	Pääosin tai kokonaan etätyö	7000	87500	Kyllä		
2/19/2021 10:54:30	PK-Seutu (Helsinki, Espoo, Vantaa)	41-45 v	M	23	Työntekijä / palkollinen	100%	Konsultti	Pääosin tai kokonaan etätyö	6500		Kyllä		
2/19/2021 10:54:42	Pohjanmaan alue	41-45 v	Mies	+20	Työntekijä / palkollinen	100%	Arkkitehti	Pääosin tai kokonaan etätyö	4100	50000	Kyllä	Yksityinen yritys	
2/19/2021 10:54:54	Ruotsi	36-40 v	Mies	11	Työntekijä / palkollinen	100%	Jotain muuta	Noin 50/50 hybridimalli	5600	78000	Kyllä		
2/19/2021 10:54:57	PK-Seutu (Helsinki, Espoo, Vantaa)	31-35 v	Mies	15	Työntekijä / palkollinen	100%	Full-stack-kehittäjä/ops (tittelinä lead developer)	Pääosin tai kokonaan toimistolla	6700	83750	Kyllä		
2/19/2021 10:54:58	PK-Seutu (Helsinki, Espoo, Vantaa)	26-30 v	Mies	3	Työntekijä / palkollinen	100%	Sovellusasiantuntija	Noin 50/50 hybridimalli	4000	55000	Kyllä		
2/19/2021 10:55:40	Jyväskylä	26-30 v	Mies	5	Työntekijä / palkollinen	100%	DevOps Specialist	Pääosin tai kokonaan toimistolla	3700	48000	Ei		
2/19/2021 10:56:23	Kälviä	36-40 v	Mies	20	Työntekijä / palkollinen	100%	Arkkitehti	Noin 50/50 hybridimalli	15000	200000	Ei		
2/19/2021 10:56:38	Tampere	31-35 v	mies	5	Työntekijä / palkollinen	100%	full-stack	Pääosin tai kokonaan toimistolla	3500	43750	Kyllä		
2/19/2021 10:57:05	Oulu	36-40 v	Nainen	10	Työntekijä / palkollinen	100%	Full-stack	Pääosin tai kokonaan toimistolla	3250	40625	Ei		
2/19/2021 10:57:18	Tampere	31-35 v	Mies	9	Työntekijä / palkollinen	100%	Senior developer	Pääosin tai kokonaan toimistolla	4200	57000	Kyllä	isohko konsulttilafka	
2/19/2021 10:57:21	Tampere	31-35 v	Mies	6	Työntekijä / palkollinen	100%	Full-stack / senior	Noin 50/50 hybridimalli	4300	57000	Ei		
2/19/2021 10:58:09	PK-Seutu (Helsinki, Espoo, Vantaa)	46-50 v	mies	20	Työntekijä / palkollinen	100%	ohjelmistokehittäjä, datainsinööri	Noin 50/50 hybridimalli	4600	60000		KVTES-alainen kunnan omistama oy 	palkan lisänä lounas- ja virkistysetu
2/19/2021 10:58:39	Kuopio	21-25 v	Mies	2	Työntekijä / palkollinen	50%	full-stack	Pääosin tai kokonaan etätyö	2400	30000	Ei		Opiskelija
2/19/2021 10:58:51	PK-Seutu (Helsinki, Espoo, Vantaa)	31-35 v	on	13	Työntekijä / palkollinen	100%	Technical Lead	Pääosin tai kokonaan toimistolla	5600	70000	Ei		
2/19/2021 10:59:37	Oulu	31-35 v	M		Työntekijä / palkollinen	100%	Ohjelmistokehittäjä	Noin 50/50 hybridimalli	5500	80000	Kyllä	Pankki	
2/19/2021 10:59:46	Tampere	31-35 v	Mies	5	Työntekijä / palkollinen	100%	Ohjelmistokehittäjä/Projektiliidi	Pääosin tai kokonaan toimistolla	4300	57000	Kyllä		
2/19/2021 10:59:58	Tampere	26-30 v	Mies	3	Työntekijä / palkollinen	80%	Ohjelmistotiimin vetäjä	Pääosin tai kokonaan toimistolla	3600	41000	Kyllä		Teen 80% työaikaa jotta ehtisin harrastaa kaikenlaista työnteon lisäksi
2/19/2021 11:00:02	Turku	21-25 v	mies	1	Työntekijä / palkollinen	100%	Software Developer	Pääosin tai kokonaan etätyö	3800	46000	Kyllä		
2/19/2021 11:00:58	Pori	31-35 v	Mies	3	Työntekijä / palkollinen	100%	Ohjelmistokehittäjä	Noin 50/50 hybridimalli	2770	34650	Ei		
2/19/2021 11:01:19	Tampere	36-40 v	Mies	15	Yrittäjä		frontend	Pääosin tai kokonaan etätyö		50000	Ei		Halpaa freelancer laskutusta oman tuotekehityksen sivussa
2/19/2021 11:01:22	PK-Seutu (Helsinki, Espoo, Vantaa)	31-35 v	Mies	8	Työntekijä / palkollinen	100%	Full-stack kehittäjä	Pääosin tai kokonaan toimistolla	5566	75000	Kyllä	Futurice	Palkka riippuu osittain firman tuloksesta, joten vaikea sanoa tarkkaan.
2/19/2021 11:03:11	Turku	36-40 v	Nainen	30	Työntekijä / palkollinen	100%	project manager	Pääosin tai kokonaan etätyö	5500		Kyllä		
2/19/2021 11:03:27	PK-Seutu (Helsinki, Espoo, Vantaa)	41-45 v	M	21	Työntekijä / palkollinen	100%	backend	Pääosin tai kokonaan etätyö	5600		Kyllä		
2/19/2021 11:04:33	PK-Seutu (Helsinki, Espoo, Vantaa)	41-45 v	Mies	20	Työntekijä / palkollinen	100%	Ohjelmistokehitys konsultointityönä, backend	Noin 50/50 hybridimalli	5500	72000	Kyllä		
2/19/2021 11:06:02	Tampere	36-40 v	Mies	5	Työntekijä / palkollinen	100%	Team lead frontend	Pääosin tai kokonaan etätyö	4250	56000	Ei		
2/19/2021 11:06:56	PK-Seutu (Helsinki, Espoo, Vantaa)	26-30 v		8	Freelancer	100%	Full-stack	Pääosin tai kokonaan toimistolla		155000	Kyllä		
2/19/2021 11:07:09	Tampere	31-35 v	Mies		Työntekijä / palkollinen	100%	Arkkitehti / lead dev / konsultti	Noin 50/50 hybridimalli	5700		Kyllä	Vincit	
2/19/2021 11:08:53	PK-Seutu (Helsinki, Espoo, Vantaa)	26-30 v		4	Työntekijä / palkollinen	100%	full-stack	Noin 50/50 hybridimalli	4200	55000	Kyllä		
2/19/2021 11:11:16	Tampere	31-35 v		10	Työntekijä / palkollinen	100%	Arkkitehti	Pääosin tai kokonaan etätyö	4650	58125	Kyllä		
2/19/2021 11:11:46	Turku	36-40 v	nainen	1	Työntekijä / palkollinen	100%	Ohjelmistokehittäjä	Pääosin tai kokonaan etätyö	2700	33750	Kyllä		
2/19/2021 11:12:19	PK-Seutu (Helsinki, Espoo, Vantaa)	31-35 v	Mies	9	Työntekijä / palkollinen	100%	Ohjelmistokehittäjä	Pääosin tai kokonaan toimistolla	4700		Kyllä		
2/19/2021 11:12:29	Tampere	46-50 v	Mies	24	Työntekijä / palkollinen	100%	ohjelmistokehittäjä full-stack	Pääosin tai kokonaan etätyö	4650	58125	Kyllä		
2/19/2021 11:13:50	Turku	41-45 v		20	Työntekijä / palkollinen	100%	Arkkitehti	Noin 50/50 hybridimalli	5500	71000	Kyllä		
2/19/2021 11:15:30	Tampere	41-45 v	Ei niitä ole enää	17	Freelancer		Fullstack	Pääosin tai kokonaan toimistolla		135000	Kyllä		
2/19/2021 11:15:34	Tampere	26-30 v	Nainen	6	Työntekijä / palkollinen	100%	Frontend	Pääosin tai kokonaan etätyö	3850	48100	Kyllä		
2/19/2021 11:15:45	Tampere	21-25 v	Mies	4	Työntekijä / palkollinen	100%	Full-stack kehittäjä	Pääosin tai kokonaan toimistolla	3900	52000	Kyllä		
2/19/2021 11:16:13	Oulu	36-40 v	Mies	16	Työntekijä / palkollinen	100%	full-stack	Noin 50/50 hybridimalli	5850	99 000	Kyllä		
2/19/2021 11:17:21	Kuopio	31-35 v	mies	10	Yrittäjä	100%	toimitusjohtaja, projektipäällikkö, full-stack	Noin 50/50 hybridimalli	5000		Kyllä		
2/19/2021 11:19:32	PK-Seutu (Helsinki, Espoo, Vantaa)	51-55 v	Mies	30	Työntekijä / palkollinen	100%	DevOps konsultti	Pääosin tai kokonaan etätyö	5800	73000	Kyllä		
2/19/2021 11:19:52	Jyväskylä	36-40 v	Mies	2	Työntekijä / palkollinen	100%	Full-stack developer / project lead	Pääosin tai kokonaan etätyö	3400	40800	Ei		
2/19/2021 11:21:22	PK-Seutu (Helsinki, Espoo, Vantaa)	31-35 v	Mies	3	Työntekijä / palkollinen	100%	Ohjelmistokehittäjä	Noin 50/50 hybridimalli	4300	56000	Kyllä		
2/19/2021 11:22:05	Jyväskylä	26-30 v	Mies	4	Työntekijä / palkollinen	100%	Developer	Pääosin tai kokonaan etätyö	3800	47,500	Kyllä		
2/19/2021 11:22:12	PK-Seutu (Helsinki, Espoo, Vantaa)	31-35 v	Mies	12	Yrittäjä	100%	Ohjelmistokehittäjä (full-stack), arkkitehti	Pääosin tai kokonaan toimistolla	3700	60000	Ei		
2/19/2021 11:22:17	San Francisco		Mies	5	Yrittäjä		Full-Stack Software Engineer	Pääosin tai kokonaan etätyö		111000	Kyllä		Vaikea vastata henkilönä joka tekee yrityksen kautta yhdelle ulkomaalaiselle yritykselle töitä (jolla ei ole entiteettiä suomessa). Vastasin nyt ikään kuin olisin yrittäjä vaikka käytännössä tämä on sama kuin olisin palkkaduunissa.
2/19/2021 11:23:10	PK-Seutu (Helsinki, Espoo, Vantaa)	36-40 v	Mies	13	Työntekijä / palkollinen	100%	Ohjelmistokehitysjohtaja	Noin 50/50 hybridimalli	6000	75000	Kyllä		Pakettiin kuuluu reilu määrä optioita ja palkka nousee (ja laskee) firman liikevaihdon myötä.
2/19/2021 11:24:28	PK-Seutu (Helsinki, Espoo, Vantaa)	31-35 v	Mies	4	Työntekijä / palkollinen	100%	DevSecOps	Pääosin tai kokonaan etätyö	4800		Kyllä	Teleoperaattori	
2/19/2021 11:26:30	Tampere	41-45 v	Mies	20	Työntekijä / palkollinen	100%	Vastuullinen arkkitehti	Pääosin tai kokonaan etätyö	6350	89000	Kyllä		
2/19/2021 11:28:49	PK-Seutu (Helsinki, Espoo, Vantaa)	36-40 v	Nainen	8		100%	Designer	Pääosin tai kokonaan etätyö	4500	57 000	Ei		
2/19/2021 11:32:36	PK-Seutu (Helsinki, Espoo, Vantaa)	31-35 v	Nainen	2	Työntekijä / palkollinen	100%	Ohjelmistokehittäjä (full stack, konsultti)	Pääosin tai kokonaan toimistolla	3744	46800	Kyllä	Fraktio	
2/19/2021 11:33:52	PK-Seutu (Helsinki, Espoo, Vantaa)	36-40 v	Mies	5	Työntekijä / palkollinen	100%	Backend, pilvi-infra	Pääosin tai kokonaan toimistolla	3220	40250	Ei	Siili	
2/19/2021 11:35:17	PK-Seutu (Helsinki, Espoo, Vantaa)	36-40 v	Mies	11	Työntekijä / palkollinen	100%	Toimitusjohtaja	Noin 50/50 hybridimalli	7000	87,500	Kyllä		
2/19/2021 11:35:42	PK-Seutu (Helsinki, Espoo, Vantaa)	26-30 v	Mies	4	Työntekijä / palkollinen	100%	Full-stack ohjelmistokehittäjä	Pääosin tai kokonaan toimistolla	4500	56250	Kyllä		
2/19/2021 11:37:38	Länsi-Suomi	36-40 v	Mies	8	Työntekijä / palkollinen	80%	full-stack ohjelmistokehittäjä	Pääosin tai kokonaan etätyö	2400	30000	Ei		
2/19/2021 11:38:57	PK-Seutu (Helsinki, Espoo, Vantaa)	21-25 v		1	Työntekijä / palkollinen	100%	frontend	Pääosin tai kokonaan etätyö	3350		Kyllä		
2/19/2021 11:39:38	Oulu	41-45 v	Nainen	16	Työntekijä / palkollinen	100%	QA	Pääosin tai kokonaan toimistolla	4155	59000	Kyllä		
2/19/2021 11:40:23	Tampere	46-50 v	mies	25	Työntekijä / palkollinen	100%	full-stack ohjelmistokehittäjä/arkkitehti	Pääosin tai kokonaan toimistolla	5300	68000	Kyllä		
2/19/2021 11:40:54	Turku	31-35 v	Helikopteri	7	Työntekijä / palkollinen	100%	senior backend dev	Noin 50/50 hybridimalli	4500	56300	Kyllä		
2/19/2021 11:42:22	PK-Seutu (Helsinki, Espoo, Vantaa)	36-40 v	M	15	Työntekijä / palkollinen	100%	Machine Learning Engineer	Noin 50/50 hybridimalli	5500	70625	Kyllä		
2/19/2021 11:43:02	Tampere	31-35 v	Mies	8	Työntekijä / palkollinen	100%	DevOps	Noin 50/50 hybridimalli	4400	55000	Kyllä		
2/19/2021 11:44:33	Tampere	36-40 v	Mies	15	Freelancer	100%	Full-stack developer + product roles	Pääosin tai kokonaan etätyö		115000	Kyllä		
2/19/2021 11:46:20	Tampere	26-30 v	Mies	5	Työntekijä / palkollinen	100%	full-stack developer	Noin 50/50 hybridimalli	4200	60000	Kyllä	Futurice	
2/19/2021 11:46:37	Turku	21-25 v	Mies	4	Työntekijä / palkollinen	100%	backend	Pääosin tai kokonaan toimistolla	4000	0	Kyllä		
2/19/2021 11:48:23	PK-Seutu (Helsinki, Espoo, Vantaa)	26-30 v	Mies	3	Työntekijä / palkollinen	100%	full-stack	Pääosin tai kokonaan etätyö	3800	47500	Ei		
2/19/2021 11:48:59	PK-Seutu (Helsinki, Espoo, Vantaa)	31-35 v	Mies	9	Työntekijä / palkollinen	100%	Software Developer	Pääosin tai kokonaan etätyö	4700	61000	Ei		
2/19/2021 12:02:00	Jyväskylä	31-35 v	Mies	9	Työntekijä / palkollinen	100%	Team Leader	Noin 50/50 hybridimalli	5300	76000	Kyllä		
2/19/2021 12:07:20	PK-Seutu (Helsinki, Espoo, Vantaa)	26-30 v	Mies	7	Työntekijä / palkollinen	100%	DevOps, Cloud Architect	Pääosin tai kokonaan etätyö	4500	58500	Ei		
2/19/2021 12:09:16	New York, etänä	21-25 v	Mies	1	Yrittäjä	100%	Full-stack softwar e engineer	Pääosin tai kokonaan etätyö		105000	Kyllä	Pieni startup	
2/19/2021 12:12:31	Tampere	41-45 v		18	Työntekijä / palkollinen	100%	arkkitehti / tech advisor	Pääosin tai kokonaan toimistolla	4700	65000	Ei		
2/19/2021 12:13:36	PK-Seutu (Helsinki, Espoo, Vantaa)	41-45 v	Nainen	6	Työntekijä / palkollinen	100%	backend	Pääosin tai kokonaan etätyö	4250	53000	Ei		it-ala 10+v koodaus 6v
2/19/2021 12:15:19	PK-Seutu (Helsinki, Espoo, Vantaa)	51-55 v	Mies	20	Työntekijä / palkollinen	100%	Konsultti	Noin 50/50 hybridimalli	5300	66250	Kyllä	Nixu	
2/19/2021 12:17:31	Oulu	41-45 v	Mies	25	Työntekijä / palkollinen	100%	full-stack	Pääosin tai kokonaan toimistolla	4300	51600	Ei		
2/19/2021 12:18:31	Turku	26-30 v	mies	1	Työntekijä / palkollinen	100%	full-stack	Pääosin tai kokonaan etätyö	3700	46250	Kyllä	If Vakuutus	
2/19/2021 12:18:40	Tampere	26-30 v	mies	6	Yrittäjä		CTO, esimies, yrittäjä, full-stack kehittäjä ja arkkitehti	Pääosin tai kokonaan toimistolla		120000	Kyllä	Rare Agency Oy	
2/19/2021 12:18:45	PK-Seutu (Helsinki, Espoo, Vantaa)	51-55 v	Mies	25	Työntekijä / palkollinen	100%	Full-stack ohjelmistokehittäjä	Noin 50/50 hybridimalli	6800	85000	Kyllä		
2/19/2021 12:20:02	PK-Seutu (Helsinki, Espoo, Vantaa)	36-40 v	mies	11	Freelancer	100%	full-stack developer	Pääosin tai kokonaan etätyö		130000	Kyllä		
2/19/2021 12:23:48	Tampere	31-35 v	mies	13	Työntekijä / palkollinen	100%	Data-arkkitehti	Pääosin tai kokonaan etätyö	7500	100000	Kyllä		
2/19/2021 12:24:09	Tampere	36-40 v	Mies	10	Työntekijä / palkollinen	100%	Frontend	Pääosin tai kokonaan etätyö	4700		Kyllä		
2/19/2021 12:24:43	PK-Seutu (Helsinki, Espoo, Vantaa)	36-40 v	mies	15	Työntekijä / palkollinen	100%	full stack developer, architect, lead	Pääosin tai kokonaan toimistolla	4500	66000	Kyllä		
2/19/2021 12:24:52	Tampere	26-30 v	Mies	5	Työntekijä / palkollinen	80%	Ohjelmistokehittäjä (mobiili)	Pääosin tai kokonaan toimistolla	3750	57000	Kyllä		
2/19/2021 12:31:57	Tampere	36-40 v	Mies	15	Työntekijä / palkollinen	100%	Asiantuntija	Pääosin tai kokonaan toimistolla	5000	60000	Kyllä		
2/19/2021 12:39:49	Oulu	31-35 v	nainen	10	Yrittäjä	100%	ohjelmistoarkkitehti	Pääosin tai kokonaan etätyö	3300	40956	Ei		Vaikka merkitsin, että palkkani ei ole mielestäni kilpailukykyinen, se ei tarkoita ettenkö olisi siihen tyytyväinen. Tilanne yrittäjillä ei yleensä vastaa samaa kuin palkansaajilla, joten palkka ei ole yrittäjille monestikaan niin mustavalkoinen asia vaan kysymys on isommasta kuviosta.
2/19/2021 12:40:22	Tampere	31-35 v	mies	13	Työntekijä / palkollinen	100%	devops-konsultti	Pääosin tai kokonaan toimistolla	5300	66250	Kyllä		
2/19/2021 12:43:40	Turku		mies	0	Työntekijä / palkollinen	100%	full-stack		3500				
2/19/2021 12:53:17	PK-Seutu (Helsinki, Espoo, Vantaa)	26-30 v	mies	3	Työntekijä / palkollinen	100%	Konsultti	Pääosin tai kokonaan etätyö	3500	46000	Kyllä		
2/19/2021 12:57:05	Tampere	26-30 v	Mies	5	Työntekijä / palkollinen	100%	Full-stack	Noin 50/50 hybridimalli	4800	60000	Kyllä		
2/19/2021 13:15:05	Turku	31-35 v	Mies	8	Työntekijä / palkollinen	100%	Senior Software Engineer (Backend)	Pääosin tai kokonaan etätyö	5700	74100	Kyllä		Ennen koronaa oli osittainen etätyö, koronan jälkeen 100%
2/19/2021 13:15:21	EU	31-35 v	Mies	3	Työntekijä / palkollinen	100%	Ohjelmistokehittäjä	Pääosin tai kokonaan toimistolla	3200	40000	Ei		
2/19/2021 13:40:40	Jyväskylä	31-35 v	äiä	6	Työntekijä / palkollinen	100%	WordPress / Frontend-koodari	Pääosin tai kokonaan etätyö	3000	37 500	Kyllä		
2/19/2021 13:58:13	Jyväskylä	21-25 v	Mies	21	Työntekijä / palkollinen	100%	Arkkitehti	Noin 50/50 hybridimalli	5500	75000	Kyllä		
2/19/2021 14:00:53	PK-Seutu (Helsinki, Espoo, Vantaa)	31-35 v	Mies	7	Työntekijä / palkollinen	100%	Ohjelmistokehittäjä, backend	Noin 50/50 hybridimalli	5470	94000	Kyllä		
2/19/2021 14:07:50	PK-Seutu (Helsinki, Espoo, Vantaa)	31-35 v		3	Työntekijä / palkollinen	100%	Full stack developer	Pääosin tai kokonaan etätyö	5300	66250	Kyllä		
2/19/2021 14:10:25	Kuopio	31-35 v	Mies	9	Työntekijä / palkollinen	80%	CTO	Pääosin tai kokonaan etätyö	5200	65000	Kyllä		
2/19/2021 14:12:00	PK-Seutu (Helsinki, Espoo, Vantaa)	36-40 v	Mies	14	Työntekijä / palkollinen	100%	Projektipäällikkö	Noin 50/50 hybridimalli	6400	102000	Kyllä		
2/19/2021 14:28:37	PK-Seutu (Helsinki, Espoo, Vantaa)	36-40 v	Mies	15	Työntekijä / palkollinen	100%	Frontend & UX	Pääosin tai kokonaan toimistolla	5000	Optiot	Ei		
2/19/2021 14:40:40	Tampere	26-30 v	Mies	7	Työntekijä / palkollinen	100%	ohjelmistokehittäjä	Pääosin tai kokonaan etätyö	3900	55000	Kyllä		
2/19/2021 14:42:01	Turku	21-25 v	mies	3	Työntekijä / palkollinen	100%	Full stack	Pääosin tai kokonaan toimistolla	3200	40000	Ei		
2/19/2021 14:42:49	Turku	26-30 v	Mies	2	Työntekijä / palkollinen	100%	Full-stack ohjelmistokehittäjä (junior)	Pääosin tai kokonaan etätyö	2600	32500	Ei	ATR Soft	
2/19/2021 14:44:18	PK-Seutu (Helsinki, Espoo, Vantaa)	31-35 v		5	Työntekijä / palkollinen	100%	full-stack	Pääosin tai kokonaan etätyö	2900	36000	Ei		
2/19/2021 14:48:11	Viimsi	36-40 v	Mies	20	Yrittäjä		sysadmin	Pääosin tai kokonaan etätyö		110000	Kyllä		
2/19/2021 14:54:21	Tampere	36-40 v		12	Työntekijä / palkollinen	100%	Ohjelmistosuunnittelija	Pääosin tai kokonaan toimistolla	3800	50000	Ei		
2/19/2021 15:01:20	Turku	31-35 v	Mies	9	Työntekijä / palkollinen	100%	Full-stack ohjelmistokehittäjä	Pääosin tai kokonaan toimistolla	3900	52000	Ei		
2/19/2021 15:06:06	PK-Seutu (Helsinki, Espoo, Vantaa)	36-40 v	Nainen	14	Työntekijä / palkollinen	100%	Senior consultant	Pääosin tai kokonaan etätyö	8500	100000	Kyllä	Sulava	
2/19/2021 15:13:52	Pori	36-40 v	Mies	8	Työntekijä / palkollinen	100%	Tech Lead	Pääosin tai kokonaan etätyö	5080	65000	Ei	Iso konsulttitalo	Sijainti Pori, mutta etätöitä 100%. Varsinainen positio Tampere - Helsinki. Edut aika huonot, perusjutut. Työ itsessään aika masentavaa. Seuraavaksi varmaan freelance/yrittäjyys.
2/19/2021 15:24:01	Tampere	36-40 v	Mies	14	Työntekijä / palkollinen	100%	Ohjelmistotestaaja	Pääosin tai kokonaan etätyö	4100	55000	Kyllä		
2/19/2021 15:34:54	Tampere	26-30 v	?	7	Työntekijä / palkollinen	100%	Full-stack developer	Noin 50/50 hybridimalli	5550	69400	Kyllä		
2/19/2021 15:40:16	PK-Seutu (Helsinki, Espoo, Vantaa)	26-30 v	Mies	5	Työntekijä / palkollinen	80%	Full-stack/mobiili/design	Pääosin tai kokonaan etätyö	7000	90000	Kyllä	Mavericks 	
2/19/2021 16:04:50	Tampere	36-40 v	Mies	16	Työntekijä / palkollinen	100%	Ohjelmistokehittäjä	Pääosin tai kokonaan toimistolla	4800	65000	Kyllä		Bonukset riippuu firman tuloksesta. Palkka olisi varmastikin enemmän muualla mutta uskoakseni linjassa kollegoideni kanssa.
2/19/2021 16:17:30	PK-Seutu (Helsinki, Espoo, Vantaa)	36-40 v	Nainen	8	Työntekijä / palkollinen	100%, mutta 1 ylimääräinen palkallinen vapaapäivä per kk	Product Owner	Noin 50/50 hybridimalli	4500	56200	Kyllä		
2/19/2021 16:26:33	PK-Seutu (Helsinki, Espoo, Vantaa)	36-40 v	Mies	16	Työntekijä / palkollinen	100%	Mobile SW	Pääosin tai kokonaan etätyö	8000	95000	Kyllä	Mavericks	
2/19/2021 16:33:28	PK-Seutu (Helsinki, Espoo, Vantaa)	31-35 v	Mies	11	Työntekijä / palkollinen	100%	Full stack	Noin 50/50 hybridimalli	7000		Kyllä	Mavericks	
2/19/2021 16:34:08	PK-Seutu (Helsinki, Espoo, Vantaa)	31-35 v	Mies	12	Työntekijä / palkollinen	100%	full-stack	Pääosin tai kokonaan etätyö	8000	95000	Kyllä	Mavericks	
2/19/2021 16:36:56	Tampere	41-45 v	Mies	22	Työntekijä / palkollinen	80%	ohjelmistokehittäjä (backend) / arkkitehti	Pääosin tai kokonaan etätyö	4700	58750	Ei		
2/19/2021 16:38:41	PK-Seutu (Helsinki, Espoo, Vantaa)	36-40 v	Mies	2	Työntekijä / palkollinen	100%	WordPress-kehittäjä	Noin 50/50 hybridimalli	3000	37500	Ei		
2/19/2021 16:39:15	Tampere	31-35 v	mies	5	Työntekijä / palkollinen	100%	Data scientist	Pääosin tai kokonaan etätyö	4300	53750		Wapice	